,file_name,date,animal,minute
0,20171027_ANIMAL2_0min,20171027,2,0
1,20171027_ANIMAL2_10min,20171027,2,10
2,20171027_ANIMAL2_11min,20171027,2,11
3,20171027_ANIMAL2_12min,20171027,2,12
4,20171027_ANIMAL2_13min,20171027,2,13
5,20171027_ANIMAL2_14min,20171027,2,14
6,20171027_ANIMAL2_15min,20171027,2,15
7,20171027_ANIMAL2_16min,20171027,2,16
8,20171027_ANIMAL2_17min,20171027,2,17
9,20171027_ANIMAL2_18min,20171027,2,18
10,20171027_ANIMAL2_19min,20171027,2,19
11,20171027_ANIMAL2_1min,20171027,2,1
12,20171027_ANIMAL2_20min,20171027,2,20
13,20171027_ANIMAL2_21min,20171027,2,21
14,20171027_ANIMAL2_22min,20171027,2,22
15,20171027_ANIMAL2_23min,20171027,2,23
16,20171027_ANIMAL2_24min,20171027,2,24
17,20171027_ANIMAL2_25min,20171027,2,25
18,20171027_ANIMAL2_26min,20171027,2,26
19,20171027_ANIMAL2_27min,20171027,2,27
20,20171027_ANIMAL2_28min,20171027,2,28
21,20171027_ANIMAL2_29min,20171027,2,29
22,20171027_ANIMAL2_2min,20171027,2,2
23,20171027_ANIMAL2_30min,20171027,2,30
24,20171027_ANIMAL2_31min,20171027,2,31
25,20171027_ANIMAL2_32min,20171027,2,32
26,20171027_ANIMAL2_33min,20171027,2,33
27,20171027_ANIMAL2_34min,20171027,2,34
28,20171027_ANIMAL2_35min,20171027,2,35
29,20171027_ANIMAL2_36min,20171027,2,36
30,20171027_ANIMAL2_37min,20171027,2,37
31,20171027_ANIMAL2_38min,20171027,2,38
32,20171027_ANIMAL2_39min,20171027,2,39
33,20171027_ANIMAL2_3min,20171027,2,3
34,20171027_ANIMAL2_40min,20171027,2,40
35,20171027_ANIMAL2_41min,20171027,2,41
36,20171027_ANIMAL2_42min,20171027,2,42
37,20171027_ANIMAL2_43min,20171027,2,43
38,20171027_ANIMAL2_44min,20171027,2,44
39,20171027_ANIMAL2_45min,20171027,2,45
40,20171027_ANIMAL2_46min,20171027,2,46
41,20171027_ANIMAL2_47min,20171027,2,47
42,20171027_ANIMAL2_48min,20171027,2,48
43,20171027_ANIMAL2_49min,20171027,2,49
44,20171027_ANIMAL2_4min,20171027,2,4
45,20171027_ANIMAL2_50min,20171027,2,50
46,20171027_ANIMAL2_51min,20171027,2,51
47,20171027_ANIMAL2_52min,20171027,2,52
48,20171027_ANIMAL2_53min,20171027,2,53
49,20171027_ANIMAL2_54min,20171027,2,54
50,20171027_ANIMAL2_55min,20171027,2,55
51,20171027_ANIMAL2_56min,20171027,2,56
52,20171027_ANIMAL2_57min,20171027,2,57
53,20171027_ANIMAL2_58min,20171027,2,58
54,20171027_ANIMAL2_59min,20171027,2,59
55,20171027_ANIMAL2_5min,20171027,2,5
56,20171027_ANIMAL2_60min,20171027,2,60
57,20171027_ANIMAL2_61min,20171027,2,61
58,20171027_ANIMAL2_62min,20171027,2,62
59,20171027_ANIMAL2_6min,20171027,2,6
60,20171027_ANIMAL2_7min,20171027,2,7
61,20171027_ANIMAL2_8min,20171027,2,8
62,20171027_ANIMAL2_9min,20171027,2,9
63,20171027_ANIMAL3_0min,20171027,3,0
64,20171027_ANIMAL3_10min,20171027,3,10
65,20171027_ANIMAL3_11min,20171027,3,11
66,20171027_ANIMAL3_12min,20171027,3,12
67,20171027_ANIMAL3_13min,20171027,3,13
68,20171027_ANIMAL3_14min,20171027,3,14
69,20171027_ANIMAL3_15min,20171027,3,15
70,20171027_ANIMAL3_16min,20171027,3,16
71,20171027_ANIMAL3_17min,20171027,3,17
72,20171027_ANIMAL3_18min,20171027,3,18
73,20171027_ANIMAL3_19min,20171027,3,19
74,20171027_ANIMAL3_1min,20171027,3,1
75,20171027_ANIMAL3_20min,20171027,3,20
76,20171027_ANIMAL3_21min,20171027,3,21
77,20171027_ANIMAL3_22min,20171027,3,22
78,20171027_ANIMAL3_23min,20171027,3,23
79,20171027_ANIMAL3_24min,20171027,3,24
80,20171027_ANIMAL3_25min,20171027,3,25
81,20171027_ANIMAL3_26min,20171027,3,26
82,20171027_ANIMAL3_27min,20171027,3,27
83,20171027_ANIMAL3_28min,20171027,3,28
84,20171027_ANIMAL3_29min,20171027,3,29
85,20171027_ANIMAL3_2min,20171027,3,2
86,20171027_ANIMAL3_30min,20171027,3,30
87,20171027_ANIMAL3_31min,20171027,3,31
88,20171027_ANIMAL3_32min,20171027,3,32
89,20171027_ANIMAL3_33min,20171027,3,33
90,20171027_ANIMAL3_34min,20171027,3,34
91,20171027_ANIMAL3_35min,20171027,3,35
92,20171027_ANIMAL3_36min,20171027,3,36
93,20171027_ANIMAL3_37min,20171027,3,37
94,20171027_ANIMAL3_38min,20171027,3,38
95,20171027_ANIMAL3_39min,20171027,3,39
96,20171027_ANIMAL3_3min,20171027,3,3
97,20171027_ANIMAL3_40min,20171027,3,40
98,20171027_ANIMAL3_41min,20171027,3,41
99,20171027_ANIMAL3_42min,20171027,3,42
100,20171027_ANIMAL3_43min,20171027,3,43
101,20171027_ANIMAL3_44min,20171027,3,44
102,20171027_ANIMAL3_45min,20171027,3,45
103,20171027_ANIMAL3_46min,20171027,3,46
104,20171027_ANIMAL3_47min,20171027,3,47
105,20171027_ANIMAL3_48min,20171027,3,48
106,20171027_ANIMAL3_49min,20171027,3,49
107,20171027_ANIMAL3_4min,20171027,3,4
108,20171027_ANIMAL3_50min,20171027,3,50
109,20171027_ANIMAL3_51min,20171027,3,51
110,20171027_ANIMAL3_52min,20171027,3,52
111,20171027_ANIMAL3_53min,20171027,3,53
112,20171027_ANIMAL3_54min,20171027,3,54
113,20171027_ANIMAL3_55min,20171027,3,55
114,20171027_ANIMAL3_56min,20171027,3,56
115,20171027_ANIMAL3_57min,20171027,3,57
116,20171027_ANIMAL3_58min,20171027,3,58
117,20171027_ANIMAL3_59min,20171027,3,59
118,20171027_ANIMAL3_5min,20171027,3,5
119,20171027_ANIMAL3_60min,20171027,3,60
120,20171027_ANIMAL3_61min,20171027,3,61
121,20171027_ANIMAL3_62min,20171027,3,62
122,20171027_ANIMAL3_6min,20171027,3,6
123,20171027_ANIMAL3_7min,20171027,3,7
124,20171027_ANIMAL3_8min,20171027,3,8
125,20171027_ANIMAL3_9min,20171027,3,9
126,20171027_ANIMAL4_0min,20171027,4,0
127,20171027_ANIMAL4_10min,20171027,4,10
128,20171027_ANIMAL4_11min,20171027,4,11
129,20171027_ANIMAL4_12min,20171027,4,12
130,20171027_ANIMAL4_13min,20171027,4,13
131,20171027_ANIMAL4_14min,20171027,4,14
132,20171027_ANIMAL4_15min,20171027,4,15
133,20171027_ANIMAL4_16min,20171027,4,16
134,20171027_ANIMAL4_17min,20171027,4,17
135,20171027_ANIMAL4_18min,20171027,4,18
136,20171027_ANIMAL4_19min,20171027,4,19
137,20171027_ANIMAL4_1min,20171027,4,1
138,20171027_ANIMAL4_20min,20171027,4,20
139,20171027_ANIMAL4_21min,20171027,4,21
140,20171027_ANIMAL4_22min,20171027,4,22
141,20171027_ANIMAL4_23min,20171027,4,23
142,20171027_ANIMAL4_24min,20171027,4,24
143,20171027_ANIMAL4_25min,20171027,4,25
144,20171027_ANIMAL4_26min,20171027,4,26
145,20171027_ANIMAL4_27min,20171027,4,27
146,20171027_ANIMAL4_28min,20171027,4,28
147,20171027_ANIMAL4_29min,20171027,4,29
148,20171027_ANIMAL4_2min,20171027,4,2
149,20171027_ANIMAL4_30min,20171027,4,30
150,20171027_ANIMAL4_31min,20171027,4,31
151,20171027_ANIMAL4_32min,20171027,4,32
152,20171027_ANIMAL4_33min,20171027,4,33
153,20171027_ANIMAL4_34min,20171027,4,34
154,20171027_ANIMAL4_35min,20171027,4,35
155,20171027_ANIMAL4_36min,20171027,4,36
156,20171027_ANIMAL4_37min,20171027,4,37
157,20171027_ANIMAL4_38min,20171027,4,38
158,20171027_ANIMAL4_39min,20171027,4,39
159,20171027_ANIMAL4_3min,20171027,4,3
160,20171027_ANIMAL4_40min,20171027,4,40
161,20171027_ANIMAL4_41min,20171027,4,41
162,20171027_ANIMAL4_42min,20171027,4,42
163,20171027_ANIMAL4_43min,20171027,4,43
164,20171027_ANIMAL4_44min,20171027,4,44
165,20171027_ANIMAL4_45min,20171027,4,45
166,20171027_ANIMAL4_46min,20171027,4,46
167,20171027_ANIMAL4_47min,20171027,4,47
168,20171027_ANIMAL4_48min,20171027,4,48
169,20171027_ANIMAL4_49min,20171027,4,49
170,20171027_ANIMAL4_4min,20171027,4,4
171,20171027_ANIMAL4_50min,20171027,4,50
172,20171027_ANIMAL4_51min,20171027,4,51
173,20171027_ANIMAL4_52min,20171027,4,52
174,20171027_ANIMAL4_53min,20171027,4,53
175,20171027_ANIMAL4_54min,20171027,4,54
176,20171027_ANIMAL4_55min,20171027,4,55
177,20171027_ANIMAL4_56min,20171027,4,56
178,20171027_ANIMAL4_57min,20171027,4,57
179,20171027_ANIMAL4_58min,20171027,4,58
180,20171027_ANIMAL4_59min,20171027,4,59
181,20171027_ANIMAL4_5min,20171027,4,5
182,20171027_ANIMAL4_60min,20171027,4,60
183,20171027_ANIMAL4_61min,20171027,4,61
184,20171027_ANIMAL4_62min,20171027,4,62
185,20171027_ANIMAL4_6min,20171027,4,6
186,20171027_ANIMAL4_7min,20171027,4,7
187,20171027_ANIMAL4_8min,20171027,4,8
188,20171027_ANIMAL4_9min,20171027,4,9
189,20171027_ANIMAL5_0min,20171027,5,0
190,20171027_ANIMAL5_10min,20171027,5,10
191,20171027_ANIMAL5_11min,20171027,5,11
192,20171027_ANIMAL5_12min,20171027,5,12
193,20171027_ANIMAL5_13min,20171027,5,13
194,20171027_ANIMAL5_14min,20171027,5,14
195,20171027_ANIMAL5_15min,20171027,5,15
196,20171027_ANIMAL5_16min,20171027,5,16
197,20171027_ANIMAL5_17min,20171027,5,17
198,20171027_ANIMAL5_18min,20171027,5,18
199,20171027_ANIMAL5_19min,20171027,5,19
200,20171027_ANIMAL5_1min,20171027,5,1
201,20171027_ANIMAL5_20min,20171027,5,20
202,20171027_ANIMAL5_21min,20171027,5,21
203,20171027_ANIMAL5_22min,20171027,5,22
204,20171027_ANIMAL5_23min,20171027,5,23
205,20171027_ANIMAL5_24min,20171027,5,24
206,20171027_ANIMAL5_25min,20171027,5,25
207,20171027_ANIMAL5_26min,20171027,5,26
208,20171027_ANIMAL5_27min,20171027,5,27
209,20171027_ANIMAL5_28min,20171027,5,28
210,20171027_ANIMAL5_29min,20171027,5,29
211,20171027_ANIMAL5_2min,20171027,5,2
212,20171027_ANIMAL5_30min,20171027,5,30
213,20171027_ANIMAL5_31min,20171027,5,31
214,20171027_ANIMAL5_32min,20171027,5,32
215,20171027_ANIMAL5_33min,20171027,5,33
216,20171027_ANIMAL5_34min,20171027,5,34
217,20171027_ANIMAL5_35min,20171027,5,35
218,20171027_ANIMAL5_36min,20171027,5,36
219,20171027_ANIMAL5_37min,20171027,5,37
220,20171027_ANIMAL5_38min,20171027,5,38
221,20171027_ANIMAL5_39min,20171027,5,39
222,20171027_ANIMAL5_3min,20171027,5,3
223,20171027_ANIMAL5_40min,20171027,5,40
224,20171027_ANIMAL5_41min,20171027,5,41
225,20171027_ANIMAL5_42min,20171027,5,42
226,20171027_ANIMAL5_43min,20171027,5,43
227,20171027_ANIMAL5_44min,20171027,5,44
228,20171027_ANIMAL5_45min,20171027,5,45
229,20171027_ANIMAL5_46min,20171027,5,46
230,20171027_ANIMAL5_47min,20171027,5,47
231,20171027_ANIMAL5_48min,20171027,5,48
232,20171027_ANIMAL5_49min,20171027,5,49
233,20171027_ANIMAL5_4min,20171027,5,4
234,20171027_ANIMAL5_50min,20171027,5,50
235,20171027_ANIMAL5_51min,20171027,5,51
236,20171027_ANIMAL5_52min,20171027,5,52
237,20171027_ANIMAL5_53min,20171027,5,53
238,20171027_ANIMAL5_54min,20171027,5,54
239,20171027_ANIMAL5_55min,20171027,5,55
240,20171027_ANIMAL5_56min,20171027,5,56
241,20171027_ANIMAL5_57min,20171027,5,57
242,20171027_ANIMAL5_58min,20171027,5,58
243,20171027_ANIMAL5_59min,20171027,5,59
244,20171027_ANIMAL5_5min,20171027,5,5
245,20171027_ANIMAL5_60min,20171027,5,60
246,20171027_ANIMAL5_61min,20171027,5,61
247,20171027_ANIMAL5_62min,20171027,5,62
248,20171027_ANIMAL5_6min,20171027,5,6
249,20171027_ANIMAL5_7min,20171027,5,7
250,20171027_ANIMAL5_8min,20171027,5,8
251,20171027_ANIMAL5_9min,20171027,5,9
252,20171027_ANIMAL6_0min,20171027,6,0
253,20171027_ANIMAL6_10min,20171027,6,10
254,20171027_ANIMAL6_11min,20171027,6,11
255,20171027_ANIMAL6_12min,20171027,6,12
256,20171027_ANIMAL6_13min,20171027,6,13
257,20171027_ANIMAL6_14min,20171027,6,14
258,20171027_ANIMAL6_15min,20171027,6,15
259,20171027_ANIMAL6_16min,20171027,6,16
260,20171027_ANIMAL6_17min,20171027,6,17
261,20171027_ANIMAL6_18min,20171027,6,18
262,20171027_ANIMAL6_19min,20171027,6,19
263,20171027_ANIMAL6_1min,20171027,6,1
264,20171027_ANIMAL6_20min,20171027,6,20
265,20171027_ANIMAL6_21min,20171027,6,21
266,20171027_ANIMAL6_22min,20171027,6,22
267,20171027_ANIMAL6_23min,20171027,6,23
268,20171027_ANIMAL6_24min,20171027,6,24
269,20171027_ANIMAL6_25min,20171027,6,25
270,20171027_ANIMAL6_26min,20171027,6,26
271,20171027_ANIMAL6_27min,20171027,6,27
272,20171027_ANIMAL6_28min,20171027,6,28
273,20171027_ANIMAL6_29min,20171027,6,29
274,20171027_ANIMAL6_2min,20171027,6,2
275,20171027_ANIMAL6_30min,20171027,6,30
276,20171027_ANIMAL6_31min,20171027,6,31
277,20171027_ANIMAL6_32min,20171027,6,32
278,20171027_ANIMAL6_33min,20171027,6,33
279,20171027_ANIMAL6_34min,20171027,6,34
280,20171027_ANIMAL6_35min,20171027,6,35
281,20171027_ANIMAL6_36min,20171027,6,36
282,20171027_ANIMAL6_37min,20171027,6,37
283,20171027_ANIMAL6_38min,20171027,6,38
284,20171027_ANIMAL6_39min,20171027,6,39
285,20171027_ANIMAL6_3min,20171027,6,3
286,20171027_ANIMAL6_40min,20171027,6,40
287,20171027_ANIMAL6_41min,20171027,6,41
288,20171027_ANIMAL6_42min,20171027,6,42
289,20171027_ANIMAL6_43min,20171027,6,43
290,20171027_ANIMAL6_44min,20171027,6,44
291,20171027_ANIMAL6_45min,20171027,6,45
292,20171027_ANIMAL6_46min,20171027,6,46
293,20171027_ANIMAL6_47min,20171027,6,47
294,20171027_ANIMAL6_48min,20171027,6,48
295,20171027_ANIMAL6_49min,20171027,6,49
296,20171027_ANIMAL6_4min,20171027,6,4
297,20171027_ANIMAL6_50min,20171027,6,50
298,20171027_ANIMAL6_51min,20171027,6,51
299,20171027_ANIMAL6_52min,20171027,6,52
300,20171027_ANIMAL6_53min,20171027,6,53
301,20171027_ANIMAL6_54min,20171027,6,54
302,20171027_ANIMAL6_55min,20171027,6,55
303,20171027_ANIMAL6_56min,20171027,6,56
304,20171027_ANIMAL6_57min,20171027,6,57
305,20171027_ANIMAL6_58min,20171027,6,58
306,20171027_ANIMAL6_59min,20171027,6,59
307,20171027_ANIMAL6_5min,20171027,6,5
308,20171027_ANIMAL6_60min,20171027,6,60
309,20171027_ANIMAL6_61min,20171027,6,61
310,20171027_ANIMAL6_62min,20171027,6,62
311,20171027_ANIMAL6_6min,20171027,6,6
312,20171027_ANIMAL6_7min,20171027,6,7
313,20171027_ANIMAL6_8min,20171027,6,8
314,20171027_ANIMAL6_9min,20171027,6,9
315,20171027_ANIMAL7_0min,20171027,7,0
316,20171027_ANIMAL7_10min,20171027,7,10
317,20171027_ANIMAL7_11min,20171027,7,11
318,20171027_ANIMAL7_12min,20171027,7,12
319,20171027_ANIMAL7_13min,20171027,7,13
320,20171027_ANIMAL7_14min,20171027,7,14
321,20171027_ANIMAL7_15min,20171027,7,15
322,20171027_ANIMAL7_16min,20171027,7,16
323,20171027_ANIMAL7_17min,20171027,7,17
324,20171027_ANIMAL7_18min,20171027,7,18
325,20171027_ANIMAL7_19min,20171027,7,19
326,20171027_ANIMAL7_1min,20171027,7,1
327,20171027_ANIMAL7_20min,20171027,7,20
328,20171027_ANIMAL7_21min,20171027,7,21
329,20171027_ANIMAL7_22min,20171027,7,22
330,20171027_ANIMAL7_23min,20171027,7,23
331,20171027_ANIMAL7_24min,20171027,7,24
332,20171027_ANIMAL7_25min,20171027,7,25
333,20171027_ANIMAL7_26min,20171027,7,26
334,20171027_ANIMAL7_27min,20171027,7,27
335,20171027_ANIMAL7_28min,20171027,7,28
336,20171027_ANIMAL7_29min,20171027,7,29
337,20171027_ANIMAL7_2min,20171027,7,2
338,20171027_ANIMAL7_30min,20171027,7,30
339,20171027_ANIMAL7_31min,20171027,7,31
340,20171027_ANIMAL7_32min,20171027,7,32
341,20171027_ANIMAL7_33min,20171027,7,33
342,20171027_ANIMAL7_34min,20171027,7,34
343,20171027_ANIMAL7_35min,20171027,7,35
344,20171027_ANIMAL7_36min,20171027,7,36
345,20171027_ANIMAL7_37min,20171027,7,37
346,20171027_ANIMAL7_38min,20171027,7,38
347,20171027_ANIMAL7_39min,20171027,7,39
348,20171027_ANIMAL7_3min,20171027,7,3
349,20171027_ANIMAL7_40min,20171027,7,40
350,20171027_ANIMAL7_41min,20171027,7,41
351,20171027_ANIMAL7_42min,20171027,7,42
352,20171027_ANIMAL7_43min,20171027,7,43
353,20171027_ANIMAL7_44min,20171027,7,44
354,20171027_ANIMAL7_45min,20171027,7,45
355,20171027_ANIMAL7_46min,20171027,7,46
356,20171027_ANIMAL7_47min,20171027,7,47
357,20171027_ANIMAL7_48min,20171027,7,48
358,20171027_ANIMAL7_49min,20171027,7,49
359,20171027_ANIMAL7_4min,20171027,7,4
360,20171027_ANIMAL7_50min,20171027,7,50
361,20171027_ANIMAL7_51min,20171027,7,51
362,20171027_ANIMAL7_52min,20171027,7,52
363,20171027_ANIMAL7_53min,20171027,7,53
364,20171027_ANIMAL7_54min,20171027,7,54
365,20171027_ANIMAL7_55min,20171027,7,55
366,20171027_ANIMAL7_56min,20171027,7,56
367,20171027_ANIMAL7_57min,20171027,7,57
368,20171027_ANIMAL7_58min,20171027,7,58
369,20171027_ANIMAL7_59min,20171027,7,59
370,20171027_ANIMAL7_5min,20171027,7,5
371,20171027_ANIMAL7_60min,20171027,7,60
372,20171027_ANIMAL7_61min,20171027,7,61
373,20171027_ANIMAL7_62min,20171027,7,62
374,20171027_ANIMAL7_6min,20171027,7,6
375,20171027_ANIMAL7_7min,20171027,7,7
376,20171027_ANIMAL7_8min,20171027,7,8
377,20171027_ANIMAL7_9min,20171027,7,9
378,20171031_ANIMAL6_0min,20171031,6,0
379,20171031_ANIMAL6_10min,20171031,6,10
380,20171031_ANIMAL6_11min,20171031,6,11
381,20171031_ANIMAL6_12min,20171031,6,12
382,20171031_ANIMAL6_13min,20171031,6,13
383,20171031_ANIMAL6_14min,20171031,6,14
384,20171031_ANIMAL6_15min,20171031,6,15
385,20171031_ANIMAL6_16min,20171031,6,16
386,20171031_ANIMAL6_1min,20171031,6,1
387,20171031_ANIMAL6_2min,20171031,6,2
388,20171031_ANIMAL6_3min,20171031,6,3
389,20171031_ANIMAL6_4min,20171031,6,4
390,20171031_ANIMAL6_5min,20171031,6,5
391,20171031_ANIMAL6_6min,20171031,6,6
392,20171031_ANIMAL6_7min,20171031,6,7
393,20171031_ANIMAL6_8min,20171031,6,8
394,20171031_ANIMAL6_9min,20171031,6,9
395,20171031_ANIMAL7_0min,20171031,7,0
396,20171031_ANIMAL7_10min,20171031,7,10
397,20171031_ANIMAL7_11min,20171031,7,11
398,20171031_ANIMAL7_12min,20171031,7,12
399,20171031_ANIMAL7_13min,20171031,7,13
400,20171031_ANIMAL7_14min,20171031,7,14
401,20171031_ANIMAL7_15min,20171031,7,15
402,20171031_ANIMAL7_16min,20171031,7,16
403,20171031_ANIMAL7_17min,20171031,7,17
404,20171031_ANIMAL7_18min,20171031,7,18
405,20171031_ANIMAL7_19min,20171031,7,19
406,20171031_ANIMAL7_1min,20171031,7,1
407,20171031_ANIMAL7_20min,20171031,7,20
408,20171031_ANIMAL7_21min,20171031,7,21
409,20171031_ANIMAL7_22min,20171031,7,22
410,20171031_ANIMAL7_23min,20171031,7,23
411,20171031_ANIMAL7_24min,20171031,7,24
412,20171031_ANIMAL7_25min,20171031,7,25
413,20171031_ANIMAL7_2min,20171031,7,2
414,20171031_ANIMAL7_3min,20171031,7,3
415,20171031_ANIMAL7_4min,20171031,7,4
416,20171031_ANIMAL7_5min,20171031,7,5
417,20171031_ANIMAL7_6min,20171031,7,6
418,20171031_ANIMAL7_7min,20171031,7,7
419,20171031_ANIMAL7_8min,20171031,7,8
420,20171031_ANIMAL7_9min,20171031,7,9
421,20171103_ANIMAL3_0min,20171103,3,0
422,20171103_ANIMAL3_1min,20171103,3,1
423,20171103_ANIMAL3_2min,20171103,3,2
424,20171103_ANIMAL3_3min,20171103,3,3
425,20171103_ANIMAL3_4min,20171103,3,4
426,20171103_ANIMAL3_5min,20171103,3,5
427,20171103_ANIMAL3_6min,20171103,3,6
428,20171103_ANIMAL3_7min,20171103,3,7
429,20171103_ANIMAL3_8min,20171103,3,8
430,20171103_ANIMAL3_9min,20171103,3,9
431,20171103_ANIMAL5_0min,20171103,5,0
432,20171103_ANIMAL5_1min,20171103,5,1
433,20171103_ANIMAL5_2min,20171103,5,2
434,20171103_ANIMAL5_3min,20171103,5,3
435,20171103_ANIMAL5_4min,20171103,5,4
436,20171103_ANIMAL5_5min,20171103,5,5
437,20171103_ANIMAL5_6min,20171103,5,6
438,20171103_ANIMAL5_7min,20171103,5,7
439,20171103_ANIMAL5_8min,20171103,5,8
440,20171103_ANIMAL6_0min,20171103,6,0
441,20171103_ANIMAL6_10min,20171103,6,10
442,20171103_ANIMAL6_11min,20171103,6,11
443,20171103_ANIMAL6_12min,20171103,6,12
444,20171103_ANIMAL6_13min,20171103,6,13
445,20171103_ANIMAL6_14min,20171103,6,14
446,20171103_ANIMAL6_15min,20171103,6,15
447,20171103_ANIMAL6_16min,20171103,6,16
448,20171103_ANIMAL6_17min,20171103,6,17
449,20171103_ANIMAL6_18min,20171103,6,18
450,20171103_ANIMAL6_19min,20171103,6,19
451,20171103_ANIMAL6_1min,20171103,6,1
452,20171103_ANIMAL6_20min,20171103,6,20
453,20171103_ANIMAL6_2min,20171103,6,2
454,20171103_ANIMAL6_3min,20171103,6,3
455,20171103_ANIMAL6_4min,20171103,6,4
456,20171103_ANIMAL6_5min,20171103,6,5
457,20171103_ANIMAL6_6min,20171103,6,6
458,20171103_ANIMAL6_7min,20171103,6,7
459,20171103_ANIMAL6_8min,20171103,6,8
460,20171103_ANIMAL6_9min,20171103,6,9
461,20171103_ANIMAL7_0min,20171103,7,0
462,20171103_ANIMAL7_10min,20171103,7,10
463,20171103_ANIMAL7_1min,20171103,7,1
464,20171103_ANIMAL7_2min,20171103,7,2
465,20171103_ANIMAL7_3min,20171103,7,3
466,20171103_ANIMAL7_4min,20171103,7,4
467,20171103_ANIMAL7_5min,20171103,7,5
468,20171103_ANIMAL7_6min,20171103,7,6
469,20171103_ANIMAL7_7min,20171103,7,7
470,20171103_ANIMAL7_8min,20171103,7,8
471,20171103_ANIMAL7_9min,20171103,7,9
472,20180119_ANIMAL2_0min,20180119,2,0
473,20180119_ANIMAL2_10min,20180119,2,10
474,20180119_ANIMAL2_20min,20180119,2,20
475,20180119_ANIMAL2_30min,20180119,2,30
476,20180119_ANIMAL2_5min,20180119,2,5
477,20180119_ANIMAL2_60min,20180119,2,60
478,20180119_ANIMAL3_0min,20180119,3,0
479,20180119_ANIMAL3_10min,20180119,3,10
480,20180119_ANIMAL3_20min,20180119,3,20
481,20180119_ANIMAL3_30min,20180119,3,30
482,20180119_ANIMAL3_5min,20180119,3,5
483,20180119_ANIMAL3_60min,20180119,3,60
484,20180119_ANIMAL4_0min,20180119,4,0
485,20180119_ANIMAL4_10min,20180119,4,10
486,20180119_ANIMAL4_20min,20180119,4,20
487,20180119_ANIMAL4_30min,20180119,4,30
488,20180119_ANIMAL4_5min,20180119,4,5
489,20180119_ANIMAL4_60min,20180119,4,60
490,20180119_ANIMAL5_0min,20180119,5,0
491,20180119_ANIMAL5_10min,20180119,5,10
492,20180119_ANIMAL5_20min,20180119,5,20
493,20180119_ANIMAL5_30min,20180119,5,30
494,20180119_ANIMAL5_60min,20180119,5,60
495,20180119_ANIMAL5_6min,20180119,5,6
496,20180120_ANIMAL1_0min,20180120,1,0
497,20180120_ANIMAL1_10min,20180120,1,10
498,20180120_ANIMAL1_20min,20180120,1,20
499,20180120_ANIMAL1_30min,20180120,1,30
500,20180120_ANIMAL1_5min,20180120,1,5
501,20180120_ANIMAL1_60min,20180120,1,60
502,20180120_ANIMAL2_0min,20180120,2,0
503,20180120_ANIMAL2_10min,20180120,2,10
504,20180120_ANIMAL2_20min,20180120,2,20
505,20180120_ANIMAL2_30min,20180120,2,30
506,20180120_ANIMAL2_5min,20180120,2,5
507,20180120_ANIMAL2_60min,20180120,2,60
508,20180120_ANIMAL3_0min,20180120,3,0
509,20180120_ANIMAL3_10min,20180120,3,10
510,20180120_ANIMAL3_20min,20180120,3,20
511,20180120_ANIMAL3_30min,20180120,3,30
512,20180120_ANIMAL3_5min,20180120,3,5
513,20180120_ANIMAL3_60min,20180120,3,60
514,20180120_ANIMAL4_0min,20180120,4,0
515,20180120_ANIMAL4_10min,20180120,4,10
516,20180120_ANIMAL4_20min,20180120,4,20
517,20180120_ANIMAL4_30min,20180120,4,30
518,20180120_ANIMAL4_5min,20180120,4,5
519,20180120_ANIMAL4_60min,20180120,4,60
520,20180120_ANIMAL5_0min,20180120,5,0
521,20180120_ANIMAL5_20min,20180120,5,20
522,20180120_ANIMAL5_30min,20180120,5,30
523,20180120_ANIMAL5_5min,20180120,5,5
524,20180120_ANIMAL5_60min,20180120,5,60
525,20180121_ANIMAL1_0min,20180121,1,0
526,20180121_ANIMAL1_10min,20180121,1,10
527,20180121_ANIMAL1_20min,20180121,1,20
528,20180121_ANIMAL1_30min,20180121,1,30
529,20180121_ANIMAL1_5min,20180121,1,5
530,20180121_ANIMAL1_60min,20180121,1,60
531,20180203_ANIMAL1_0min,20180203,1,0
532,20180203_ANIMAL1_10min,20180203,1,10
533,20180203_ANIMAL1_20min,20180203,1,20
534,20180203_ANIMAL1_30min,20180203,1,30
535,20180203_ANIMAL1_5min,20180203,1,5
536,20180203_ANIMAL1_60min,20180203,1,60
537,20180203_ANIMAL2_0min,20180203,2,0
538,20180203_ANIMAL2_10min,20180203,2,10
539,20180203_ANIMAL2_20min,20180203,2,20
540,20180203_ANIMAL2_30min,20180203,2,30
541,20180203_ANIMAL2_5min,20180203,2,5
542,20180203_ANIMAL2_60min,20180203,2,60
543,20180203_ANIMAL3_0min,20180203,3,0
544,20180203_ANIMAL3_10min,20180203,3,10
545,20180203_ANIMAL3_20min,20180203,3,20
546,20180203_ANIMAL3_30min,20180203,3,30
547,20180203_ANIMAL3_5min,20180203,3,5
548,20180203_ANIMAL3_60min,20180203,3,60
549,20180427_ANIMAL2_0min,20180427,2,0
550,20180427_ANIMAL2_10min,20180427,2,10
551,20180427_ANIMAL2_15min,20180427,2,15
552,20180427_ANIMAL2_20min,20180427,2,20
553,20180427_ANIMAL2_25min,20180427,2,25
554,20180427_ANIMAL2_30min,20180427,2,30
555,20180427_ANIMAL2_35min,20180427,2,35
556,20180427_ANIMAL2_40min,20180427,2,40
557,20180427_ANIMAL2_45min,20180427,2,45
558,20180427_ANIMAL2_50min,20180427,2,50
559,20180427_ANIMAL2_55min,20180427,2,55
560,20180427_ANIMAL2_5min,20180427,2,5
561,20180427_ANIMAL2_60min,20180427,2,60
562,20180427_ANIMAL3_0min,20180427,3,0
563,20180427_ANIMAL3_10min,20180427,3,10
564,20180427_ANIMAL3_15min,20180427,3,15
565,20180427_ANIMAL3_20min,20180427,3,20
566,20180427_ANIMAL3_25min,20180427,3,25
567,20180427_ANIMAL3_30min,20180427,3,30
568,20180427_ANIMAL3_35min,20180427,3,35
569,20180427_ANIMAL3_40min,20180427,3,40
570,20180427_ANIMAL3_45min,20180427,3,45
571,20180427_ANIMAL3_50min,20180427,3,50
572,20180427_ANIMAL3_55min,20180427,3,55
573,20180427_ANIMAL3_5min,20180427,3,5
574,20180427_ANIMAL5_0min,20180427,5,0
575,20180427_ANIMAL5_10min,20180427,5,10
576,20180427_ANIMAL5_15min,20180427,5,15
577,20180427_ANIMAL5_20min,20180427,5,20
578,20180427_ANIMAL5_25min,20180427,5,25
579,20180427_ANIMAL5_30min,20180427,5,30
580,20180427_ANIMAL5_35min,20180427,5,35
581,20180427_ANIMAL5_40min,20180427,5,40
582,20180427_ANIMAL5_45min,20180427,5,45
583,20180427_ANIMAL5_50min,20180427,5,50
584,20180427_ANIMAL5_55min,20180427,5,55
585,20180427_ANIMAL5_5min,20180427,5,5
586,20180427_ANIMAL5_60min,20180427,5,60
587,20180427_ANIMAL6_0min,20180427,6,0
588,20180427_ANIMAL6_10min,20180427,6,10
589,20180427_ANIMAL6_15min,20180427,6,15
590,20180427_ANIMAL6_20min,20180427,6,20
591,20180427_ANIMAL6_25min,20180427,6,25
592,20180427_ANIMAL6_30min,20180427,6,30
593,20180427_ANIMAL6_35min,20180427,6,35
594,20180427_ANIMAL6_40min,20180427,6,40
595,20180427_ANIMAL6_45min,20180427,6,45
596,20180427_ANIMAL6_50min,20180427,6,50
597,20180427_ANIMAL6_55min,20180427,6,55
598,20180427_ANIMAL6_5min,20180427,6,5
599,20180427_ANIMAL6_60min,20180427,6,60
600,20180427_ANIMAL7_0min,20180427,7,0
601,20180427_ANIMAL7_10min,20180427,7,10
602,20180427_ANIMAL7_15min,20180427,7,15
603,20180427_ANIMAL7_20min,20180427,7,20
604,20180427_ANIMAL7_25min,20180427,7,25
605,20180427_ANIMAL7_30min,20180427,7,30
606,20180427_ANIMAL7_35min,20180427,7,35
607,20180427_ANIMAL7_40min,20180427,7,40
608,20180427_ANIMAL7_45min,20180427,7,45
609,20180427_ANIMAL7_50min,20180427,7,50
610,20180427_ANIMAL7_55min,20180427,7,55
611,20180427_ANIMAL7_5min,20180427,7,5
612,20180427_ANIMAL7_60min,20180427,7,60
613,20180427_ANIMAL8_0min,20180427,8,0
614,20180427_ANIMAL8_10min,20180427,8,10
615,20180427_ANIMAL8_15min,20180427,8,15
616,20180427_ANIMAL8_20min,20180427,8,20
617,20180427_ANIMAL8_25min,20180427,8,25
618,20180427_ANIMAL8_30min,20180427,8,30
619,20180427_ANIMAL8_35min,20180427,8,35
620,20180427_ANIMAL8_40min,20180427,8,40
621,20180427_ANIMAL8_45min,20180427,8,45
622,20180427_ANIMAL8_50min,20180427,8,50
623,20180427_ANIMAL8_55min,20180427,8,55
624,20180427_ANIMAL8_5min,20180427,8,5
625,20180503_ANIMAL1_0min,20180503,1,0
626,20180503_ANIMAL1_10min,20180503,1,10
627,20180503_ANIMAL1_15min,20180503,1,15
628,20180503_ANIMAL1_20min,20180503,1,20
629,20180503_ANIMAL1_25min,20180503,1,25
630,20180503_ANIMAL1_30min,20180503,1,30
631,20180503_ANIMAL1_35min,20180503,1,35
632,20180503_ANIMAL1_40min,20180503,1,40
633,20180503_ANIMAL1_45min,20180503,1,45
634,20180503_ANIMAL1_50min,20180503,1,50
635,20180503_ANIMAL1_55min,20180503,1,55
636,20180503_ANIMAL1_5min,20180503,1,5
637,20180503_ANIMAL1_60min,20180503,1,60
638,20180503_ANIMAL3_0min,20180503,3,0
639,20180503_ANIMAL3_10min,20180503,3,10
640,20180503_ANIMAL3_15min,20180503,3,15
641,20180503_ANIMAL3_20min,20180503,3,20
642,20180503_ANIMAL3_25min,20180503,3,25
643,20180503_ANIMAL3_30min,20180503,3,30
644,20180503_ANIMAL3_35min,20180503,3,35
645,20180503_ANIMAL3_40min,20180503,3,40
646,20180503_ANIMAL3_45min,20180503,3,45
647,20180503_ANIMAL3_50min,20180503,3,50
648,20180503_ANIMAL3_55min,20180503,3,55
649,20180503_ANIMAL3_5min,20180503,3,5
650,20180503_ANIMAL3_60min,20180503,3,60
651,20180503_ANIMAL5_0min,20180503,5,0
652,20180503_ANIMAL5_10min,20180503,5,10
653,20180503_ANIMAL5_15min,20180503,5,15
654,20180503_ANIMAL5_20min,20180503,5,20
655,20180503_ANIMAL5_25min,20180503,5,25
656,20180503_ANIMAL5_30min,20180503,5,30
657,20180503_ANIMAL5_35min,20180503,5,35
658,20180503_ANIMAL5_40min,20180503,5,40
659,20180503_ANIMAL5_45min,20180503,5,45
660,20180503_ANIMAL5_50min,20180503,5,50
661,20180503_ANIMAL5_55min,20180503,5,55
662,20180503_ANIMAL5_5min,20180503,5,5
663,20180503_ANIMAL5_60min,20180503,5,60
664,20180504_ANIMAL2_0min,20180504,2,0
665,20180504_ANIMAL2_10min,20180504,2,10
666,20180504_ANIMAL2_15min,20180504,2,15
667,20180504_ANIMAL2_20min,20180504,2,20
668,20180504_ANIMAL2_25min,20180504,2,25
669,20180504_ANIMAL2_30min,20180504,2,30
670,20180504_ANIMAL2_35min,20180504,2,35
671,20180504_ANIMAL2_40min,20180504,2,40
672,20180504_ANIMAL2_45min,20180504,2,45
673,20180504_ANIMAL2_50min,20180504,2,50
674,20180504_ANIMAL2_55min,20180504,2,55
675,20180504_ANIMAL2_5min,20180504,2,5
676,20180504_ANIMAL2_60min,20180504,2,60
677,20180504_ANIMAL4_0min,20180504,4,0
678,20180504_ANIMAL4_10min,20180504,4,10
679,20180504_ANIMAL4_15min,20180504,4,15
680,20180504_ANIMAL4_20min,20180504,4,20
681,20180504_ANIMAL4_25min,20180504,4,25
682,20180504_ANIMAL4_30min,20180504,4,30
683,20180504_ANIMAL4_35min,20180504,4,35
684,20180504_ANIMAL4_40min,20180504,4,40
685,20180504_ANIMAL4_45min,20180504,4,45
686,20180504_ANIMAL4_50min,20180504,4,50
687,20180504_ANIMAL4_55min,20180504,4,55
688,20180504_ANIMAL4_5min,20180504,4,5
689,20180504_ANIMAL4_60min,20180504,4,60
690,20180505_ANIMAL3_0min,20180505,3,0
691,20180505_ANIMAL3_10min,20180505,3,10
692,20180505_ANIMAL3_15min,20180505,3,15
693,20180505_ANIMAL3_20min,20180505,3,20
694,20180505_ANIMAL3_25min,20180505,3,25
695,20180505_ANIMAL3_30min,20180505,3,30
696,20180505_ANIMAL3_35min,20180505,3,35
697,20180505_ANIMAL3_40min,20180505,3,40
698,20180505_ANIMAL3_45min,20180505,3,45
699,20180505_ANIMAL3_50min,20180505,3,50
700,20180505_ANIMAL3_55min,20180505,3,55
701,20180505_ANIMAL3_5min,20180505,3,5
702,20180505_ANIMAL3_60min,20180505,3,60
703,20180505_ANIMAL4_0min,20180505,4,0
704,20180505_ANIMAL4_10min,20180505,4,10
705,20180505_ANIMAL4_15min,20180505,4,15
706,20180505_ANIMAL4_20min,20180505,4,20
707,20180505_ANIMAL4_25min,20180505,4,25
708,20180505_ANIMAL4_30min,20180505,4,30
709,20180505_ANIMAL4_35min,20180505,4,35
710,20180505_ANIMAL4_40min,20180505,4,40
711,20180505_ANIMAL4_45min,20180505,4,45
712,20180505_ANIMAL4_50min,20180505,4,50
713,20180505_ANIMAL4_55min,20180505,4,55
714,20180505_ANIMAL4_5min,20180505,4,5
715,20180505_ANIMAL4_60min,20180505,4,60
716,20180505_ANIMAL5_0min,20180505,5,0
717,20180505_ANIMAL5_10min,20180505,5,10
718,20180505_ANIMAL5_15min,20180505,5,15
719,20180505_ANIMAL5_20min,20180505,5,20
720,20180505_ANIMAL5_25min,20180505,5,25
721,20180505_ANIMAL5_30min,20180505,5,30
722,20180505_ANIMAL5_35min,20180505,5,35
723,20180505_ANIMAL5_40min,20180505,5,40
724,20180505_ANIMAL5_45min,20180505,5,45
725,20180505_ANIMAL5_50min,20180505,5,50
726,20180505_ANIMAL5_55min,20180505,5,55
727,20180505_ANIMAL5_5min,20180505,5,5
728,20180505_ANIMAL5_60min,20180505,5,60
729,20180509_ANIMAL1_0min,20180509,1,0
730,20180509_ANIMAL1_10min,20180509,1,10
731,20180509_ANIMAL1_15min,20180509,1,15
732,20180509_ANIMAL1_20min,20180509,1,20
733,20180509_ANIMAL1_25min,20180509,1,25
734,20180509_ANIMAL1_30min,20180509,1,30
735,20180509_ANIMAL1_35min,20180509,1,35
736,20180509_ANIMAL1_40min,20180509,1,40
737,20180509_ANIMAL1_45min,20180509,1,45
738,20180509_ANIMAL1_50min,20180509,1,50
739,20180509_ANIMAL1_55min,20180509,1,55
740,20180509_ANIMAL1_5min,20180509,1,5
741,20180509_ANIMAL1_60min,20180509,1,60
742,20180509_ANIMAL2_0min,20180509,2,0
743,20180509_ANIMAL2_10min,20180509,2,10
744,20180509_ANIMAL2_15min,20180509,2,15
745,20180509_ANIMAL2_20min,20180509,2,20
746,20180509_ANIMAL2_25min,20180509,2,25
747,20180509_ANIMAL2_30min,20180509,2,30
748,20180509_ANIMAL2_35min,20180509,2,35
749,20180509_ANIMAL2_45min,20180509,2,45
750,20180509_ANIMAL2_50min,20180509,2,50
751,20180509_ANIMAL2_55min,20180509,2,55
752,20180509_ANIMAL2_5min,20180509,2,5
753,20180509_ANIMAL2_60min,20180509,2,60
754,20180509_ANIMAL3_0min,20180509,3,0
755,20180509_ANIMAL3_10min,20180509,3,10
756,20180509_ANIMAL3_15min,20180509,3,15
757,20180509_ANIMAL3_20min,20180509,3,20
758,20180509_ANIMAL3_25min,20180509,3,25
759,20180509_ANIMAL3_30min,20180509,3,30
760,20180509_ANIMAL3_35min,20180509,3,35
761,20180509_ANIMAL3_40min,20180509,3,40
762,20180509_ANIMAL3_45min,20180509,3,45
763,20180509_ANIMAL3_50min,20180509,3,50
764,20180509_ANIMAL3_55min,20180509,3,55
765,20180509_ANIMAL3_5min,20180509,3,5
766,20180509_ANIMAL3_60min,20180509,3,60
767,20180511_ANIMAL1_0min,20180511,1,0
768,20180511_ANIMAL1_10min,20180511,1,10
769,20180511_ANIMAL1_15min,20180511,1,15
770,20180511_ANIMAL1_20min,20180511,1,20
771,20180511_ANIMAL1_25min,20180511,1,25
772,20180511_ANIMAL1_30min,20180511,1,30
773,20180511_ANIMAL1_5min,20180511,1,5
774,20180511_ANIMAL2_0min,20180511,2,0
775,20180511_ANIMAL2_10min,20180511,2,10
776,20180511_ANIMAL2_15min,20180511,2,15
777,20180511_ANIMAL2_20min,20180511,2,20
778,20180511_ANIMAL2_25min,20180511,2,25
779,20180511_ANIMAL2_30min,20180511,2,30
780,20180511_ANIMAL2_35min,20180511,2,35
781,20180511_ANIMAL2_40min,20180511,2,40
782,20180511_ANIMAL2_45min,20180511,2,45
783,20180511_ANIMAL2_50min,20180511,2,50
784,20180511_ANIMAL2_55min,20180511,2,55
785,20180511_ANIMAL2_5min,20180511,2,5
786,20180511_ANIMAL2_60min,20180511,2,60
787,20180511_ANIMAL3_0min,20180511,3,0
788,20180511_ANIMAL3_10min,20180511,3,10
789,20180511_ANIMAL3_15min,20180511,3,15
790,20180511_ANIMAL3_20min,20180511,3,20
791,20180511_ANIMAL3_25min,20180511,3,25
792,20180511_ANIMAL3_30min,20180511,3,30
793,20180511_ANIMAL3_35min,20180511,3,35
794,20180511_ANIMAL3_40min,20180511,3,40
795,20180511_ANIMAL3_45min,20180511,3,45
796,20180511_ANIMAL3_50min,20180511,3,50
797,20180511_ANIMAL3_55min,20180511,3,55
798,20180511_ANIMAL3_5min,20180511,3,5
799,20180511_ANIMAL3_60min,20180511,3,60
800,20180511_ANIMAL5_0min,20180511,5,0
801,20180511_ANIMAL5_10min,20180511,5,10
802,20180511_ANIMAL5_15min,20180511,5,15
803,20180511_ANIMAL5_20min,20180511,5,20
804,20180511_ANIMAL5_25min,20180511,5,25
805,20180511_ANIMAL5_30min,20180511,5,30
806,20180511_ANIMAL5_35min,20180511,5,35
807,20180511_ANIMAL5_40min,20180511,5,40
808,20180511_ANIMAL5_45min,20180511,5,45
809,20180511_ANIMAL5_50min,20180511,5,50
810,20180511_ANIMAL5_55min,20180511,5,55
811,20180511_ANIMAL5_5min,20180511,5,5
812,20180511_ANIMAL5_60min,20180511,5,60
813,20180511_ANIMAL6_0min,20180511,6,0
814,20180511_ANIMAL6_10min,20180511,6,10
815,20180511_ANIMAL6_15min,20180511,6,15
816,20180511_ANIMAL6_20min,20180511,6,20
817,20180511_ANIMAL6_25min,20180511,6,25
818,20180511_ANIMAL6_30min,20180511,6,30
819,20180511_ANIMAL6_35min,20180511,6,35
820,20180511_ANIMAL6_40min,20180511,6,40
821,20180511_ANIMAL6_45min,20180511,6,45
822,20180511_ANIMAL6_50min,20180511,6,50
823,20180511_ANIMAL6_55min,20180511,6,55
824,20180511_ANIMAL6_5min,20180511,6,5
825,20180511_ANIMAL6_60min,20180511,6,60
826,20180514_ANIMAL1_0min,20180514,1,0
827,20180514_ANIMAL1_10min,20180514,1,10
828,20180514_ANIMAL1_15min,20180514,1,15
829,20180514_ANIMAL1_20min,20180514,1,20
830,20180514_ANIMAL1_25min,20180514,1,25
831,20180514_ANIMAL1_30min,20180514,1,30
832,20180514_ANIMAL1_35min,20180514,1,35
833,20180514_ANIMAL1_40min,20180514,1,40
834,20180514_ANIMAL1_45min,20180514,1,45
835,20180514_ANIMAL1_50min,20180514,1,50
836,20180514_ANIMAL1_55min,20180514,1,55
837,20180514_ANIMAL1_5min,20180514,1,5
838,20180514_ANIMAL1_60min,20180514,1,60
839,20180514_ANIMAL2_0min,20180514,2,0
840,20180514_ANIMAL2_10min,20180514,2,10
841,20180514_ANIMAL2_15min,20180514,2,15
842,20180514_ANIMAL2_20min,20180514,2,20
843,20180514_ANIMAL2_25min,20180514,2,25
844,20180514_ANIMAL2_30min,20180514,2,30
845,20180514_ANIMAL2_35min,20180514,2,35
846,20180514_ANIMAL2_40min,20180514,2,40
847,20180514_ANIMAL2_45min,20180514,2,45
848,20180514_ANIMAL2_50min,20180514,2,50
849,20180514_ANIMAL2_55min,20180514,2,55
850,20180514_ANIMAL2_5min,20180514,2,5
851,20180514_ANIMAL2_60min,20180514,2,60
852,20180514_ANIMAL3_0min,20180514,3,0
853,20180514_ANIMAL3_10min,20180514,3,10
854,20180514_ANIMAL3_15min,20180514,3,15
855,20180514_ANIMAL3_20min,20180514,3,20
856,20180514_ANIMAL3_25min,20180514,3,25
857,20180514_ANIMAL3_30min,20180514,3,30
858,20180514_ANIMAL3_35min,20180514,3,35
859,20180514_ANIMAL3_40min,20180514,3,40
860,20180514_ANIMAL3_45min,20180514,3,45
861,20180514_ANIMAL3_50min,20180514,3,50
862,20180514_ANIMAL3_55min,20180514,3,55
863,20180514_ANIMAL3_5min,20180514,3,5
864,20180514_ANIMAL3_60min,20180514,3,60
865,20180514_ANIMAL4_0min,20180514,4,0
866,20180514_ANIMAL4_10min,20180514,4,10
867,20180514_ANIMAL4_15min,20180514,4,15
868,20180514_ANIMAL4_20min,20180514,4,20
869,20180514_ANIMAL4_25min,20180514,4,25
870,20180514_ANIMAL4_30min,20180514,4,30
871,20180514_ANIMAL4_35min,20180514,4,35
872,20180514_ANIMAL4_40min,20180514,4,40
873,20180514_ANIMAL4_45min,20180514,4,45
874,20180514_ANIMAL4_50min,20180514,4,50
875,20180514_ANIMAL4_55min,20180514,4,55
876,20180514_ANIMAL4_5min,20180514,4,5
877,20180514_ANIMAL4_60min,20180514,4,60
878,20180514_ANIMAL5_0min,20180514,5,0
879,20180514_ANIMAL5_10min,20180514,5,10
880,20180514_ANIMAL5_15min,20180514,5,15
881,20180514_ANIMAL5_20min,20180514,5,20
882,20180514_ANIMAL5_25min,20180514,5,25
883,20180514_ANIMAL5_30min,20180514,5,30
884,20180514_ANIMAL5_35min,20180514,5,35
885,20180514_ANIMAL5_40min,20180514,5,40
886,20180514_ANIMAL5_45min,20180514,5,45
887,20180514_ANIMAL5_50min,20180514,5,50
888,20180514_ANIMAL5_55min,20180514,5,55
889,20180514_ANIMAL5_5min,20180514,5,5
890,20180514_ANIMAL5_60min,20180514,5,60
891,20180514_ANIMAL6_0min,20180514,6,0
892,20180514_ANIMAL6_10min,20180514,6,10
893,20180514_ANIMAL6_15min,20180514,6,15
894,20180514_ANIMAL6_20min,20180514,6,20
895,20180514_ANIMAL6_25min,20180514,6,25
896,20180514_ANIMAL6_30min,20180514,6,30
897,20180514_ANIMAL6_35min,20180514,6,35
898,20180514_ANIMAL6_40min,20180514,6,40
899,20180514_ANIMAL6_45min,20180514,6,45
900,20180514_ANIMAL6_50min,20180514,6,50
901,20180514_ANIMAL6_55min,20180514,6,55
902,20180514_ANIMAL6_5min,20180514,6,5
903,20180514_ANIMAL6_60min,20180514,6,60
904,20180515_ANIMAL1_0min,20180515,1,0
905,20180515_ANIMAL1_10min,20180515,1,10
906,20180515_ANIMAL1_15min,20180515,1,15
907,20180515_ANIMAL1_20min,20180515,1,20
908,20180515_ANIMAL1_25min,20180515,1,25
909,20180515_ANIMAL1_30min,20180515,1,30
910,20180515_ANIMAL1_35min,20180515,1,35
911,20180515_ANIMAL1_40min,20180515,1,40
912,20180515_ANIMAL1_45min,20180515,1,45
913,20180515_ANIMAL1_50min,20180515,1,50
914,20180515_ANIMAL1_55min,20180515,1,55
915,20180515_ANIMAL1_5min,20180515,1,5
916,20180515_ANIMAL1_60min,20180515,1,60
917,20180515_ANIMAL2_0min,20180515,2,0
918,20180515_ANIMAL2_10min,20180515,2,10
919,20180515_ANIMAL2_15min,20180515,2,15
920,20180515_ANIMAL2_20min,20180515,2,20
921,20180515_ANIMAL2_25min,20180515,2,25
922,20180515_ANIMAL2_30min,20180515,2,30
923,20180515_ANIMAL2_35min,20180515,2,35
924,20180515_ANIMAL2_40min,20180515,2,40
925,20180515_ANIMAL2_45min,20180515,2,45
926,20180515_ANIMAL2_50min,20180515,2,50
927,20180515_ANIMAL2_55min,20180515,2,55
928,20180515_ANIMAL2_5min,20180515,2,5
929,20180515_ANIMAL2_60min,20180515,2,60
930,20180515_ANIMAL3_0min,20180515,3,0
931,20180515_ANIMAL3_10min,20180515,3,10
932,20180515_ANIMAL3_15min,20180515,3,15
933,20180515_ANIMAL3_20min,20180515,3,20
934,20180515_ANIMAL3_25min,20180515,3,25
935,20180515_ANIMAL3_30min,20180515,3,30
936,20180515_ANIMAL3_35min,20180515,3,35
937,20180515_ANIMAL3_40min,20180515,3,40
938,20180515_ANIMAL3_45min,20180515,3,45
939,20180515_ANIMAL3_50min,20180515,3,50
940,20180515_ANIMAL3_55min,20180515,3,55
941,20180515_ANIMAL3_5min,20180515,3,5
942,20180515_ANIMAL3_60min,20180515,3,60
943,20180516_ANIMAL1_0min,20180516,1,0
944,20180516_ANIMAL1_10min,20180516,1,10
945,20180516_ANIMAL1_15min,20180516,1,15
946,20180516_ANIMAL1_20min,20180516,1,20
947,20180516_ANIMAL1_25min,20180516,1,25
948,20180516_ANIMAL1_30min,20180516,1,30
949,20180516_ANIMAL1_35min,20180516,1,35
950,20180516_ANIMAL1_40min,20180516,1,40
951,20180516_ANIMAL1_45min,20180516,1,45
952,20180516_ANIMAL1_50min,20180516,1,50
953,20180516_ANIMAL1_55min,20180516,1,55
954,20180516_ANIMAL1_5min,20180516,1,5
955,20180516_ANIMAL1_60min,20180516,1,60
956,20180516_ANIMAL2_0min,20180516,2,0
957,20180516_ANIMAL2_10min,20180516,2,10
958,20180516_ANIMAL2_15min,20180516,2,15
959,20180516_ANIMAL2_20min,20180516,2,20
960,20180516_ANIMAL2_25min,20180516,2,25
961,20180516_ANIMAL2_30min,20180516,2,30
962,20180516_ANIMAL2_35min,20180516,2,35
963,20180516_ANIMAL2_40min,20180516,2,40
964,20180516_ANIMAL2_45min,20180516,2,45
965,20180516_ANIMAL2_50min,20180516,2,50
966,20180516_ANIMAL2_55min,20180516,2,55
967,20180516_ANIMAL2_5min,20180516,2,5
968,20180516_ANIMAL2_60min,20180516,2,60
969,20180516_ANIMAL3_0min,20180516,3,0
970,20180516_ANIMAL3_10min,20180516,3,10
971,20180516_ANIMAL3_15min,20180516,3,15
972,20180516_ANIMAL3_20min,20180516,3,20
973,20180516_ANIMAL3_25min,20180516,3,25
974,20180516_ANIMAL3_30min,20180516,3,30
975,20180516_ANIMAL3_35min,20180516,3,35
976,20180516_ANIMAL3_40min,20180516,3,40
977,20180516_ANIMAL3_45min,20180516,3,45
978,20180516_ANIMAL3_50min,20180516,3,50
979,20180516_ANIMAL3_55min,20180516,3,55
980,20180516_ANIMAL3_5min,20180516,3,5
981,20180516_ANIMAL3_60min,20180516,3,60
982,20180516_ANIMAL4_0min,20180516,4,0
983,20180516_ANIMAL4_10min,20180516,4,10
984,20180516_ANIMAL4_15min,20180516,4,15
985,20180516_ANIMAL4_20min,20180516,4,20
986,20180516_ANIMAL4_25min,20180516,4,25
987,20180516_ANIMAL4_30min,20180516,4,30
988,20180516_ANIMAL4_35min,20180516,4,35
989,20180516_ANIMAL4_40min,20180516,4,40
990,20180516_ANIMAL4_45min,20180516,4,45
991,20180516_ANIMAL4_50min,20180516,4,50
992,20180516_ANIMAL4_55min,20180516,4,55
993,20180516_ANIMAL4_5min,20180516,4,5
994,20180516_ANIMAL4_60min,20180516,4,60
995,20180516_ANIMAL5_0min,20180516,5,0
996,20180516_ANIMAL5_10min,20180516,5,10
997,20180516_ANIMAL5_15min,20180516,5,15
998,20180516_ANIMAL5_20min,20180516,5,20
999,20180516_ANIMAL5_25min,20180516,5,25
1000,20180516_ANIMAL5_30min,20180516,5,30
1001,20180516_ANIMAL5_35min,20180516,5,35
1002,20180516_ANIMAL5_40min,20180516,5,40
1003,20180516_ANIMAL5_45min,20180516,5,45
1004,20180516_ANIMAL5_50min,20180516,5,50
1005,20180516_ANIMAL5_55min,20180516,5,55
1006,20180516_ANIMAL5_5min,20180516,5,5
1007,20180516_ANIMAL5_60min,20180516,5,60
1008,20180517_ANIMAL1_0min,20180517,1,0
1009,20180517_ANIMAL1_10min,20180517,1,10
1010,20180517_ANIMAL1_15min,20180517,1,15
1011,20180517_ANIMAL1_20min,20180517,1,20
1012,20180517_ANIMAL1_25min,20180517,1,25
1013,20180517_ANIMAL1_30min,20180517,1,30
1014,20180517_ANIMAL1_35min,20180517,1,35
1015,20180517_ANIMAL1_40min,20180517,1,40
1016,20180517_ANIMAL1_45min,20180517,1,45
1017,20180517_ANIMAL1_50min,20180517,1,50
1018,20180517_ANIMAL1_55min,20180517,1,55
1019,20180517_ANIMAL1_5min,20180517,1,5
1020,20180517_ANIMAL1_60min,20180517,1,60
1021,20180719_ANIMAL2_0min,20180719,2,0
1022,20180719_ANIMAL2_10min,20180719,2,10
1023,20180719_ANIMAL2_15min,20180719,2,15
1024,20180719_ANIMAL2_20min,20180719,2,20
1025,20180719_ANIMAL2_25min,20180719,2,25
1026,20180719_ANIMAL2_30min,20180719,2,30
1027,20180719_ANIMAL2_35min,20180719,2,35
1028,20180719_ANIMAL2_40min,20180719,2,40
1029,20180719_ANIMAL2_45min,20180719,2,45
1030,20180719_ANIMAL2_50min,20180719,2,50
1031,20180719_ANIMAL2_55min,20180719,2,55
1032,20180719_ANIMAL2_5min,20180719,2,5
1033,20180719_ANIMAL2_60min,20180719,2,60
1034,20180719_ANIMAL3_0min,20180719,3,0
1035,20180719_ANIMAL3_10min,20180719,3,10
1036,20180719_ANIMAL3_15min,20180719,3,15
1037,20180719_ANIMAL3_20min,20180719,3,20
1038,20180719_ANIMAL3_25min,20180719,3,25
1039,20180719_ANIMAL3_30min,20180719,3,30
1040,20180719_ANIMAL3_35min,20180719,3,35
1041,20180719_ANIMAL3_40min,20180719,3,40
1042,20180719_ANIMAL3_45min,20180719,3,45
1043,20180719_ANIMAL3_50min,20180719,3,50
1044,20180719_ANIMAL3_55min,20180719,3,55
1045,20180719_ANIMAL3_5min,20180719,3,5
1046,20180719_ANIMAL3_60min,20180719,3,60
1047,20180724_ANIMAL1_0min,20180724,1,0
1048,20180724_ANIMAL1_10min,20180724,1,10
1049,20180724_ANIMAL1_15min,20180724,1,15
1050,20180724_ANIMAL1_20min,20180724,1,20
1051,20180724_ANIMAL1_25min,20180724,1,25
1052,20180724_ANIMAL1_30min,20180724,1,30
1053,20180724_ANIMAL1_35min,20180724,1,35
1054,20180724_ANIMAL1_40min,20180724,1,40
1055,20180724_ANIMAL1_45min,20180724,1,45
1056,20180724_ANIMAL1_50min,20180724,1,50
1057,20180724_ANIMAL1_55min,20180724,1,55
1058,20180724_ANIMAL1_5min,20180724,1,5
1059,20180724_ANIMAL1_60min,20180724,1,60
1060,20180724_ANIMAL2_0min,20180724,2,0
1061,20180724_ANIMAL2_10min,20180724,2,10
1062,20180724_ANIMAL2_15min,20180724,2,15
1063,20180724_ANIMAL2_20min,20180724,2,20
1064,20180724_ANIMAL2_25min,20180724,2,25
1065,20180724_ANIMAL2_30min,20180724,2,30
1066,20180724_ANIMAL2_35min,20180724,2,35
1067,20180724_ANIMAL2_40min,20180724,2,40
1068,20180724_ANIMAL2_45min,20180724,2,45
1069,20180724_ANIMAL2_50min,20180724,2,50
1070,20180724_ANIMAL2_55min,20180724,2,55
1071,20180724_ANIMAL2_5min,20180724,2,5
1072,20180724_ANIMAL2_60min,20180724,2,60
1073,20180724_ANIMAL3_0min,20180724,3,0
1074,20180724_ANIMAL3_10min,20180724,3,10
1075,20180724_ANIMAL3_15min,20180724,3,15
1076,20180724_ANIMAL3_20min,20180724,3,20
1077,20180724_ANIMAL3_25min,20180724,3,25
1078,20180724_ANIMAL3_30min,20180724,3,30
1079,20180724_ANIMAL3_5min,20180724,3,5
1080,20180724_ANIMAL4_0min,20180724,4,0
1081,20180724_ANIMAL4_10min,20180724,4,10
1082,20180724_ANIMAL4_15min,20180724,4,15
1083,20180724_ANIMAL4_20min,20180724,4,20
1084,20180724_ANIMAL4_25min,20180724,4,25
1085,20180724_ANIMAL4_30min,20180724,4,30
1086,20180724_ANIMAL4_35min,20180724,4,35
1087,20180724_ANIMAL4_40min,20180724,4,40
1088,20180724_ANIMAL4_45min,20180724,4,45
1089,20180724_ANIMAL4_50min,20180724,4,50
1090,20180724_ANIMAL4_55min,20180724,4,55
1091,20180724_ANIMAL4_5min,20180724,4,5
1092,20180724_ANIMAL4_60min,20180724,4,60
1093,20180724_ANIMAL5_0min,20180724,5,0
1094,20180724_ANIMAL5_10min,20180724,5,10
1095,20180724_ANIMAL5_15min,20180724,5,15
1096,20180724_ANIMAL5_20min,20180724,5,20
1097,20180724_ANIMAL5_25min,20180724,5,25
1098,20180724_ANIMAL5_30min,20180724,5,30
1099,20180724_ANIMAL5_35min,20180724,5,35
1100,20180724_ANIMAL5_40min,20180724,5,40
1101,20180724_ANIMAL5_45min,20180724,5,45
1102,20180724_ANIMAL5_50min,20180724,5,50
1103,20180724_ANIMAL5_55min,20180724,5,55
1104,20180724_ANIMAL5_5min,20180724,5,5
1105,20180724_ANIMAL5_60min,20180724,5,60
1106,20180725_ANIMAL1_0min,20180725,1,0
1107,20180725_ANIMAL1_10min,20180725,1,10
1108,20180725_ANIMAL1_15min,20180725,1,15
1109,20180725_ANIMAL1_20min,20180725,1,20
1110,20180725_ANIMAL1_25min,20180725,1,25
1111,20180725_ANIMAL1_30min,20180725,1,30
1112,20180725_ANIMAL1_35min,20180725,1,35
1113,20180725_ANIMAL1_40min,20180725,1,40
1114,20180725_ANIMAL1_45min,20180725,1,45
1115,20180725_ANIMAL1_50min,20180725,1,50
1116,20180725_ANIMAL1_55min,20180725,1,55
1117,20180725_ANIMAL1_5min,20180725,1,5
1118,20180725_ANIMAL1_60min,20180725,1,60
1119,20180725_ANIMAL2_0min,20180725,2,0
1120,20180725_ANIMAL2_10min,20180725,2,10
1121,20180725_ANIMAL2_15min,20180725,2,15
1122,20180725_ANIMAL2_20min,20180725,2,20
1123,20180725_ANIMAL2_25min,20180725,2,25
1124,20180725_ANIMAL2_30min,20180725,2,30
1125,20180725_ANIMAL2_35min,20180725,2,35
1126,20180725_ANIMAL2_40min,20180725,2,40
1127,20180725_ANIMAL2_45min,20180725,2,45
1128,20180725_ANIMAL2_50min,20180725,2,50
1129,20180725_ANIMAL2_55min,20180725,2,55
1130,20180725_ANIMAL2_5min,20180725,2,5
1131,20180725_ANIMAL2_60min,20180725,2,60
1132,20180725_ANIMAL3_0min,20180725,3,0
1133,20180725_ANIMAL3_10min,20180725,3,10
1134,20180725_ANIMAL3_15min,20180725,3,15
1135,20180725_ANIMAL3_20min,20180725,3,20
1136,20180725_ANIMAL3_25min,20180725,3,25
1137,20180725_ANIMAL3_30min,20180725,3,30
1138,20180725_ANIMAL3_35min,20180725,3,35
1139,20180725_ANIMAL3_40min,20180725,3,40
1140,20180725_ANIMAL3_45min,20180725,3,45
1141,20180725_ANIMAL3_50min,20180725,3,50
1142,20180725_ANIMAL3_55min,20180725,3,55
1143,20180725_ANIMAL3_5min,20180725,3,5
1144,20180725_ANIMAL3_60min,20180725,3,60
1145,20180801_ANIMAL1_0min,20180801,1,0
1146,20180801_ANIMAL1_10min,20180801,1,10
1147,20180801_ANIMAL1_15min,20180801,1,15
1148,20180801_ANIMAL1_20min,20180801,1,20
1149,20180801_ANIMAL1_25min,20180801,1,25
1150,20180801_ANIMAL1_30min,20180801,1,30
1151,20180801_ANIMAL1_35min,20180801,1,35
1152,20180801_ANIMAL1_40min,20180801,1,40
1153,20180801_ANIMAL1_45min,20180801,1,45
1154,20180801_ANIMAL1_50min,20180801,1,50
1155,20180801_ANIMAL1_55min,20180801,1,55
1156,20180801_ANIMAL1_5min,20180801,1,5
1157,20180801_ANIMAL1_60min,20180801,1,60
1158,20180801_ANIMAL2_0min,20180801,2,0
1159,20180801_ANIMAL2_10min,20180801,2,10
1160,20180801_ANIMAL2_15min,20180801,2,15
1161,20180801_ANIMAL2_20min,20180801,2,20
1162,20180801_ANIMAL2_25min,20180801,2,25
1163,20180801_ANIMAL2_30min,20180801,2,30
1164,20180801_ANIMAL2_35min,20180801,2,35
1165,20180801_ANIMAL2_40min,20180801,2,40
1166,20180801_ANIMAL2_45min,20180801,2,45
1167,20180801_ANIMAL2_50min,20180801,2,50
1168,20180801_ANIMAL2_55min,20180801,2,55
1169,20180801_ANIMAL2_5min,20180801,2,5
1170,20180801_ANIMAL2_60min,20180801,2,60
1171,20180801_ANIMAL3_0min,20180801,3,0
1172,20180801_ANIMAL3_10min,20180801,3,10
1173,20180801_ANIMAL3_15min,20180801,3,15
1174,20180801_ANIMAL3_20min,20180801,3,20
1175,20180801_ANIMAL3_25min,20180801,3,25
1176,20180801_ANIMAL3_30min,20180801,3,30
1177,20180801_ANIMAL3_35min,20180801,3,35
1178,20180801_ANIMAL3_40min,20180801,3,40
1179,20180801_ANIMAL3_45min,20180801,3,45
1180,20180801_ANIMAL3_50min,20180801,3,50
1181,20180801_ANIMAL3_55min,20180801,3,55
1182,20180801_ANIMAL3_5min,20180801,3,5
1183,20180801_ANIMAL3_60min,20180801,3,60
1184,20180801_ANIMAL4_0min,20180801,4,0
1185,20180801_ANIMAL4_10min,20180801,4,10
1186,20180801_ANIMAL4_15min,20180801,4,15
1187,20180801_ANIMAL4_20min,20180801,4,20
1188,20180801_ANIMAL4_25min,20180801,4,25
1189,20180801_ANIMAL4_30min,20180801,4,30
1190,20180801_ANIMAL4_35min,20180801,4,35
1191,20180801_ANIMAL4_40min,20180801,4,40
1192,20180801_ANIMAL4_45min,20180801,4,45
1193,20180801_ANIMAL4_50min,20180801,4,50
1194,20180801_ANIMAL4_55min,20180801,4,55
1195,20180801_ANIMAL4_5min,20180801,4,5
1196,20180801_ANIMAL4_60min,20180801,4,60
1197,20180801_ANIMAL5_0min,20180801,5,0
1198,20180801_ANIMAL5_10min,20180801,5,10
1199,20180801_ANIMAL5_15min,20180801,5,15
1200,20180801_ANIMAL5_20min,20180801,5,20
1201,20180801_ANIMAL5_25min,20180801,5,25
1202,20180801_ANIMAL5_30min,20180801,5,30
1203,20180801_ANIMAL5_35min,20180801,5,35
1204,20180801_ANIMAL5_40min,20180801,5,40
1205,20180801_ANIMAL5_45min,20180801,5,45
1206,20180801_ANIMAL5_50min,20180801,5,50
1207,20180801_ANIMAL5_55min,20180801,5,55
1208,20180801_ANIMAL5_5min,20180801,5,5
1209,20180801_ANIMAL5_60min,20180801,5,60
1210,20180802_ANIMAL1_0min,20180802,1,0
1211,20180802_ANIMAL1_10min,20180802,1,10
1212,20180802_ANIMAL1_15min,20180802,1,15
1213,20180802_ANIMAL1_20min,20180802,1,20
1214,20180802_ANIMAL1_25min,20180802,1,25
1215,20180802_ANIMAL1_30min,20180802,1,30
1216,20180802_ANIMAL1_35min,20180802,1,35
1217,20180802_ANIMAL1_40min,20180802,1,40
1218,20180802_ANIMAL1_45min,20180802,1,45
1219,20180802_ANIMAL1_50min,20180802,1,50
1220,20180802_ANIMAL1_55min,20180802,1,55
1221,20180802_ANIMAL1_5min,20180802,1,5
1222,20180802_ANIMAL1_60min,20180802,1,60
1223,20180802_ANIMAL2_0min,20180802,2,0
1224,20180802_ANIMAL2_10min,20180802,2,10
1225,20180802_ANIMAL2_15min,20180802,2,15
1226,20180802_ANIMAL2_20min,20180802,2,20
1227,20180802_ANIMAL2_25min,20180802,2,25
1228,20180802_ANIMAL2_30min,20180802,2,30
1229,20180802_ANIMAL2_35min,20180802,2,35
1230,20180802_ANIMAL2_40min,20180802,2,40
1231,20180802_ANIMAL2_45min,20180802,2,45
1232,20180802_ANIMAL2_50min,20180802,2,50
1233,20180802_ANIMAL2_55min,20180802,2,55
1234,20180802_ANIMAL2_5min,20180802,2,5
1235,20180802_ANIMAL2_60min,20180802,2,60
1236,20180802_ANIMAL3_0min,20180802,3,0
1237,20180802_ANIMAL3_10min,20180802,3,10
1238,20180802_ANIMAL3_15min,20180802,3,15
1239,20180802_ANIMAL3_20min,20180802,3,20
1240,20180802_ANIMAL3_25min,20180802,3,25
1241,20180802_ANIMAL3_30min,20180802,3,30
1242,20180802_ANIMAL3_35min,20180802,3,35
1243,20180802_ANIMAL3_40min,20180802,3,40
1244,20180802_ANIMAL3_45min,20180802,3,45
1245,20180802_ANIMAL3_50min,20180802,3,50
1246,20180802_ANIMAL3_55min,20180802,3,55
1247,20180802_ANIMAL3_5min,20180802,3,5
1248,20180802_ANIMAL3_60min,20180802,3,60
1249,20180803_ANIMAL1_0min,20180803,1,0
1250,20180803_ANIMAL1_10min,20180803,1,10
1251,20180803_ANIMAL1_15min,20180803,1,15
1252,20180803_ANIMAL1_20min,20180803,1,20
1253,20180803_ANIMAL1_25min,20180803,1,25
1254,20180803_ANIMAL1_30min,20180803,1,30
1255,20180803_ANIMAL1_35min,20180803,1,35
1256,20180803_ANIMAL1_40min,20180803,1,40
1257,20180803_ANIMAL1_45min,20180803,1,45
1258,20180803_ANIMAL1_50min,20180803,1,50
1259,20180803_ANIMAL1_55min,20180803,1,55
1260,20180803_ANIMAL1_5min,20180803,1,5
1261,20180803_ANIMAL1_60min,20180803,1,60
1262,20180807_ANIMAL1_0min,20180807,1,0
1263,20180807_ANIMAL1_10min,20180807,1,10
1264,20180807_ANIMAL1_15min,20180807,1,15
1265,20180807_ANIMAL1_20min,20180807,1,20
1266,20180807_ANIMAL1_25min,20180807,1,25
1267,20180807_ANIMAL1_30min,20180807,1,30
1268,20180807_ANIMAL1_35min,20180807,1,35
1269,20180807_ANIMAL1_40min,20180807,1,40
1270,20180807_ANIMAL1_45min,20180807,1,45
1271,20180807_ANIMAL1_50min,20180807,1,50
1272,20180807_ANIMAL1_55min,20180807,1,55
1273,20180807_ANIMAL1_5min,20180807,1,5
1274,20180807_ANIMAL1_60min,20180807,1,60
1275,20180807_ANIMAL2_0min,20180807,2,0
1276,20180807_ANIMAL2_10min,20180807,2,10
1277,20180807_ANIMAL2_15min,20180807,2,15
1278,20180807_ANIMAL2_20min,20180807,2,20
1279,20180807_ANIMAL2_25min,20180807,2,25
1280,20180807_ANIMAL2_30min,20180807,2,30
1281,20180807_ANIMAL2_5min,20180807,2,5
1282,20180807_ANIMAL3_0min,20180807,3,0
1283,20180807_ANIMAL3_10min,20180807,3,10
1284,20180807_ANIMAL3_15min,20180807,3,15
1285,20180807_ANIMAL3_20min,20180807,3,20
1286,20180807_ANIMAL3_25min,20180807,3,25
1287,20180807_ANIMAL3_30min,20180807,3,30
1288,20180807_ANIMAL3_35min,20180807,3,35
1289,20180807_ANIMAL3_40min,20180807,3,40
1290,20180807_ANIMAL3_45min,20180807,3,45
1291,20180807_ANIMAL3_55min,20180807,3,55
1292,20180807_ANIMAL3_5min,20180807,3,5
1293,20180807_ANIMAL3_60min,20180807,3,60
1294,20180807_ANIMAL4_0min,20180807,4,0
1295,20180807_ANIMAL4_10min,20180807,4,10
1296,20180807_ANIMAL4_15min,20180807,4,15
1297,20180807_ANIMAL4_20min,20180807,4,20
1298,20180807_ANIMAL4_25min,20180807,4,25
1299,20180807_ANIMAL4_30min,20180807,4,30
1300,20180807_ANIMAL4_35min,20180807,4,35
1301,20180807_ANIMAL4_40min,20180807,4,40
1302,20180807_ANIMAL4_45min,20180807,4,45
1303,20180807_ANIMAL4_50min,20180807,4,50
1304,20180807_ANIMAL4_55min,20180807,4,55
1305,20180807_ANIMAL4_5min,20180807,4,5
1306,20180807_ANIMAL4_60min,20180807,4,60
1307,20180807_ANIMAL5_0min,20180807,5,0
1308,20180807_ANIMAL5_10min,20180807,5,10
1309,20180807_ANIMAL5_15min,20180807,5,15
1310,20180807_ANIMAL5_20min,20180807,5,20
1311,20180807_ANIMAL5_25min,20180807,5,25
1312,20180807_ANIMAL5_30min,20180807,5,30
1313,20180807_ANIMAL5_35min,20180807,5,35
1314,20180807_ANIMAL5_40min,20180807,5,40
1315,20180807_ANIMAL5_45min,20180807,5,45
1316,20180807_ANIMAL5_50min,20180807,5,50
1317,20180807_ANIMAL5_55min,20180807,5,55
1318,20180807_ANIMAL5_5min,20180807,5,5
1319,20180807_ANIMAL5_60min,20180807,5,60
1320,20180811_ANIMAL1_0min,20180811,1,0
1321,20180811_ANIMAL1_10min,20180811,1,10
1322,20180811_ANIMAL1_15min,20180811,1,15
1323,20180811_ANIMAL1_20min,20180811,1,20
1324,20180811_ANIMAL1_25min,20180811,1,25
1325,20180811_ANIMAL1_30min,20180811,1,30
1326,20180811_ANIMAL1_35min,20180811,1,35
1327,20180811_ANIMAL1_40min,20180811,1,40
1328,20180811_ANIMAL1_45min,20180811,1,45
1329,20180811_ANIMAL1_50min,20180811,1,50
1330,20180811_ANIMAL1_55min,20180811,1,55
1331,20180811_ANIMAL1_5min,20180811,1,5
1332,20180811_ANIMAL1_60min,20180811,1,60
1333,20180813_ANIMAL1_0min,20180813,1,0
1334,20180813_ANIMAL1_10min,20180813,1,10
1335,20180813_ANIMAL1_15min,20180813,1,15
1336,20180813_ANIMAL1_20min,20180813,1,20
1337,20180813_ANIMAL1_25min,20180813,1,25
1338,20180813_ANIMAL1_30min,20180813,1,30
1339,20180813_ANIMAL1_35min,20180813,1,35
1340,20180813_ANIMAL1_40min,20180813,1,40
1341,20180813_ANIMAL1_45min,20180813,1,45
1342,20180813_ANIMAL1_50min,20180813,1,50
1343,20180813_ANIMAL1_55min,20180813,1,55
1344,20180813_ANIMAL1_5min,20180813,1,5
1345,20180813_ANIMAL1_60min,20180813,1,60
1346,20180813_ANIMAL2_0min,20180813,2,0
1347,20180813_ANIMAL2_10min,20180813,2,10
1348,20180813_ANIMAL2_15min,20180813,2,15
1349,20180813_ANIMAL2_20min,20180813,2,20
1350,20180813_ANIMAL2_25min,20180813,2,25
1351,20180813_ANIMAL2_30min,20180813,2,30
1352,20180813_ANIMAL2_35min,20180813,2,35
1353,20180813_ANIMAL2_40min,20180813,2,40
1354,20180813_ANIMAL2_45min,20180813,2,45
1355,20180813_ANIMAL2_50min,20180813,2,50
1356,20180813_ANIMAL2_55min,20180813,2,55
1357,20180813_ANIMAL2_5min,20180813,2,5
1358,20180816_ANIMAL1_0min,20180816,1,0
1359,20180816_ANIMAL1_10min,20180816,1,10
1360,20180816_ANIMAL1_15min,20180816,1,15
1361,20180816_ANIMAL1_20min,20180816,1,20
1362,20180816_ANIMAL1_25min,20180816,1,25
1363,20180816_ANIMAL1_30min,20180816,1,30
1364,20180816_ANIMAL1_35min,20180816,1,35
1365,20180816_ANIMAL1_40min,20180816,1,40
1366,20180816_ANIMAL1_45min,20180816,1,45
1367,20180816_ANIMAL1_50min,20180816,1,50
1368,20180816_ANIMAL1_55min,20180816,1,55
1369,20180816_ANIMAL1_5min,20180816,1,5
1370,20180816_ANIMAL1_60min,20180816,1,60
1371,20180817_ANIMAL1_0min,20180817,1,0
1372,20180817_ANIMAL1_10min,20180817,1,10
1373,20180817_ANIMAL1_15min,20180817,1,15
1374,20180817_ANIMAL1_20min,20180817,1,20
1375,20180817_ANIMAL1_25min,20180817,1,25
1376,20180817_ANIMAL1_30min,20180817,1,30
1377,20180817_ANIMAL1_35min,20180817,1,35
1378,20180817_ANIMAL1_40min,20180817,1,40
1379,20180817_ANIMAL1_45min,20180817,1,45
1380,20180817_ANIMAL1_50min,20180817,1,50
1381,20180817_ANIMAL1_55min,20180817,1,55
1382,20180817_ANIMAL1_5min,20180817,1,5
1383,20180817_ANIMAL1_60min,20180817,1,60
1384,20180817_ANIMAL2_0min,20180817,2,0
1385,20180817_ANIMAL2_10min,20180817,2,10
1386,20180817_ANIMAL2_15min,20180817,2,15
1387,20180817_ANIMAL2_20min,20180817,2,20
1388,20180817_ANIMAL2_25min,20180817,2,25
1389,20180817_ANIMAL2_30min,20180817,2,30
1390,20180817_ANIMAL2_35min,20180817,2,35
1391,20180817_ANIMAL2_40min,20180817,2,40
1392,20180817_ANIMAL2_45min,20180817,2,45
1393,20180817_ANIMAL2_50min,20180817,2,50
1394,20180817_ANIMAL2_55min,20180817,2,55
1395,20180817_ANIMAL2_5min,20180817,2,5
1396,20180817_ANIMAL2_60min,20180817,2,60
1397,20180821_ANIMAL1_0min,20180821,1,0
1398,20180821_ANIMAL1_10min,20180821,1,10
1399,20180821_ANIMAL1_15min,20180821,1,15
1400,20180821_ANIMAL1_20min,20180821,1,20
1401,20180821_ANIMAL1_25min,20180821,1,25
1402,20180821_ANIMAL1_30min,20180821,1,30
1403,20180821_ANIMAL1_35min,20180821,1,35
1404,20180821_ANIMAL1_40min,20180821,1,40
1405,20180821_ANIMAL1_45min,20180821,1,45
1406,20180821_ANIMAL1_50min,20180821,1,50
1407,20180821_ANIMAL1_55min,20180821,1,55
1408,20180821_ANIMAL1_5min,20180821,1,5
1409,20180821_ANIMAL1_60min,20180821,1,60
1410,20180821_ANIMAL2_0min,20180821,2,0
1411,20180821_ANIMAL2_10min,20180821,2,10
1412,20180821_ANIMAL2_15min,20180821,2,15
1413,20180821_ANIMAL2_20min,20180821,2,20
1414,20180821_ANIMAL2_5min,20180821,2,5
1415,20180821_ANIMAL3_0min,20180821,3,0
1416,20180821_ANIMAL3_10min,20180821,3,10
1417,20180821_ANIMAL3_15min,20180821,3,15
1418,20180821_ANIMAL3_20min,20180821,3,20
1419,20180821_ANIMAL3_25min,20180821,3,25
1420,20180821_ANIMAL3_30min,20180821,3,30
1421,20180821_ANIMAL3_35min,20180821,3,35
1422,20180821_ANIMAL3_40min,20180821,3,40
1423,20180821_ANIMAL3_45min,20180821,3,45
1424,20180821_ANIMAL3_50min,20180821,3,50
1425,20180821_ANIMAL3_55min,20180821,3,55
1426,20180821_ANIMAL3_5min,20180821,3,5
1427,20180821_ANIMAL3_60min,20180821,3,60
1428,20180827_ANIMAL2_0min,20180827,2,0
1429,20180827_ANIMAL2_10min,20180827,2,10
1430,20180827_ANIMAL2_15min,20180827,2,15
1431,20180827_ANIMAL2_5min,20180827,2,5
1432,20180828_ANIMAL3_0min,20180828,3,0
1433,20180828_ANIMAL3_10min,20180828,3,10
1434,20180828_ANIMAL3_12min,20180828,3,12
1435,20180828_ANIMAL3_14min,20180828,3,14
1436,20180828_ANIMAL3_16min,20180828,3,16
1437,20180828_ANIMAL3_18min,20180828,3,18
1438,20180828_ANIMAL3_20min,20180828,3,20
1439,20180828_ANIMAL3_22min,20180828,3,22
1440,20180828_ANIMAL3_24min,20180828,3,24
1441,20180828_ANIMAL3_26min,20180828,3,26
1442,20180828_ANIMAL3_28min,20180828,3,28
1443,20180828_ANIMAL3_2min,20180828,3,2
1444,20180828_ANIMAL3_30min,20180828,3,30
1445,20180828_ANIMAL3_4min,20180828,3,4
1446,20180828_ANIMAL3_6min,20180828,3,6
1447,20180828_ANIMAL3_8min,20180828,3,8
1448,20180829_ANIMAL1_0min,20180829,1,0
1449,20180829_ANIMAL1_10min,20180829,1,10
1450,20180829_ANIMAL1_15min,20180829,1,15
1451,20180829_ANIMAL1_20min,20180829,1,20
1452,20180829_ANIMAL1_25min,20180829,1,25
1453,20180829_ANIMAL1_30min,20180829,1,30
1454,20180829_ANIMAL1_5min,20180829,1,5
1455,20180831_ANIMAL1_0min,20180831,1,0
1456,20180831_ANIMAL1_10min,20180831,1,10
1457,20180831_ANIMAL1_15min,20180831,1,15
1458,20180831_ANIMAL1_20min,20180831,1,20
1459,20180831_ANIMAL1_25min,20180831,1,25
1460,20180831_ANIMAL1_30min,20180831,1,30
1461,20180831_ANIMAL1_35min,20180831,1,35
1462,20180831_ANIMAL1_40min,20180831,1,40
1463,20180831_ANIMAL1_45min,20180831,1,45
1464,20180831_ANIMAL1_50min,20180831,1,50
1465,20180831_ANIMAL1_55min,20180831,1,55
1466,20180831_ANIMAL1_5min,20180831,1,5
1467,20180831_ANIMAL1_60min,20180831,1,60
1468,20180905_ANIMAL1_0min,20180905,1,0
1469,20180905_ANIMAL1_10min,20180905,1,10
1470,20180905_ANIMAL1_15min,20180905,1,15
1471,20180905_ANIMAL1_20min,20180905,1,20
1472,20180905_ANIMAL1_25min,20180905,1,25
1473,20180905_ANIMAL1_30min,20180905,1,30
1474,20180905_ANIMAL1_35min,20180905,1,35
1475,20180905_ANIMAL1_40min,20180905,1,40
1476,20180905_ANIMAL1_45min,20180905,1,45
1477,20180905_ANIMAL1_50min,20180905,1,50
1478,20180905_ANIMAL1_5min,20180905,1,5
1479,20180908_ANIMAL1_0min,20180908,1,0
1480,20180908_ANIMAL1_10min,20180908,1,10
1481,20180908_ANIMAL1_15min,20180908,1,15
1482,20180908_ANIMAL1_20min,20180908,1,20
1483,20180908_ANIMAL1_25min,20180908,1,25
1484,20180908_ANIMAL1_30min,20180908,1,30
1485,20180908_ANIMAL1_5min,20180908,1,5
1486,20180910_ANIMAL4_0min,20180910,4,0
1487,20180910_ANIMAL4_10min,20180910,4,10
1488,20180910_ANIMAL4_15min,20180910,4,15
1489,20180910_ANIMAL4_20min,20180910,4,20
1490,20180910_ANIMAL4_25min,20180910,4,25
1491,20180910_ANIMAL4_30min,20180910,4,30
1492,20180910_ANIMAL4_5min,20180910,4,5
1493,20180910_ANIMAL5_0min,20180910,5,0
1494,20180910_ANIMAL5_10min,20180910,5,10
1495,20180910_ANIMAL5_15min,20180910,5,15
1496,20180910_ANIMAL5_20min,20180910,5,20
1497,20180910_ANIMAL5_25min,20180910,5,25
1498,20180910_ANIMAL5_30min,20180910,5,30
1499,20180910_ANIMAL5_5min,20180910,5,5
1500,20180910_ANIMAL6_0min,20180910,6,0
1501,20180910_ANIMAL6_10min,20180910,6,10
1502,20180910_ANIMAL6_15min,20180910,6,15
1503,20180910_ANIMAL6_20min,20180910,6,20
1504,20180910_ANIMAL6_25min,20180910,6,25
1505,20180910_ANIMAL6_30min,20180910,6,30
1506,20180910_ANIMAL6_5min,20180910,6,5
1507,20180910_ANIMAL7_0min,20180910,7,0
1508,20180910_ANIMAL7_10min,20180910,7,10
1509,20180910_ANIMAL7_15min,20180910,7,15
1510,20180910_ANIMAL7_20min,20180910,7,20
1511,20180910_ANIMAL7_25min,20180910,7,25
1512,20180910_ANIMAL7_30min,20180910,7,30
1513,20180910_ANIMAL7_5min,20180910,7,5
1514,20180912_ANIMAL2_0min,20180912,2,0
1515,20180912_ANIMAL2_10min,20180912,2,10
1516,20180912_ANIMAL2_15min,20180912,2,15
1517,20180912_ANIMAL2_20min,20180912,2,20
1518,20180912_ANIMAL2_25min,20180912,2,25
1519,20180912_ANIMAL2_30min,20180912,2,30
1520,20180912_ANIMAL2_35min,20180912,2,35
1521,20180912_ANIMAL2_40min,20180912,2,40
1522,20180912_ANIMAL2_45min,20180912,2,45
1523,20180912_ANIMAL2_50min,20180912,2,50
1524,20180912_ANIMAL2_55min,20180912,2,55
1525,20180912_ANIMAL2_5min,20180912,2,5
1526,20180912_ANIMAL2_60min,20180912,2,60
1527,20180914_ANIMAL1_0min,20180914,1,0
1528,20180914_ANIMAL1_10min,20180914,1,10
1529,20180914_ANIMAL1_15min,20180914,1,15
1530,20180914_ANIMAL1_20min,20180914,1,20
1531,20180914_ANIMAL1_25min,20180914,1,25
1532,20180914_ANIMAL1_5min,20180914,1,5
1533,20180914_ANIMAL2_0min,20180914,2,0
1534,20180914_ANIMAL2_10min,20180914,2,10
1535,20180914_ANIMAL2_15min,20180914,2,15
1536,20180914_ANIMAL2_20min,20180914,2,20
1537,20180914_ANIMAL2_25min,20180914,2,25
1538,20180914_ANIMAL2_30min,20180914,2,30
1539,20180914_ANIMAL2_35min,20180914,2,35
1540,20180914_ANIMAL2_40min,20180914,2,40
1541,20180914_ANIMAL2_45min,20180914,2,45
1542,20180914_ANIMAL2_50min,20180914,2,50
1543,20180914_ANIMAL2_55min,20180914,2,55
1544,20180914_ANIMAL2_5min,20180914,2,5
1545,20180914_ANIMAL2_60min,20180914,2,60
1546,20180914_ANIMAL2_65min,20180914,2,65
1547,20180914_ANIMAL2_70min,20180914,2,70
1548,20180914_ANIMAL3_0min,20180914,3,0
1549,20180914_ANIMAL3_10min,20180914,3,10
1550,20180914_ANIMAL3_15min,20180914,3,15
1551,20180914_ANIMAL3_20min,20180914,3,20
1552,20180914_ANIMAL3_25min,20180914,3,25
1553,20180914_ANIMAL3_30min,20180914,3,30
1554,20180914_ANIMAL3_35min,20180914,3,35
1555,20180914_ANIMAL3_40min,20180914,3,40
1556,20180914_ANIMAL3_45min,20180914,3,45
1557,20180914_ANIMAL3_50min,20180914,3,50
1558,20180914_ANIMAL3_55min,20180914,3,55
1559,20180914_ANIMAL3_5min,20180914,3,5
1560,20180914_ANIMAL3_60min,20180914,3,60
1561,20180914_ANIMAL3_65min,20180914,3,65
1562,20180914_ANIMAL3_70min,20180914,3,70
1563,20180915_ANIMAL1_0min,20180915,1,0
1564,20180915_ANIMAL1_10min,20180915,1,10
1565,20180915_ANIMAL1_15min,20180915,1,15
1566,20180915_ANIMAL1_20min,20180915,1,20
1567,20180915_ANIMAL1_25min,20180915,1,25
1568,20180915_ANIMAL1_30min,20180915,1,30
1569,20180915_ANIMAL1_35min,20180915,1,35
1570,20180915_ANIMAL1_40min,20180915,1,40
1571,20180915_ANIMAL1_45min,20180915,1,45
1572,20180915_ANIMAL1_50min,20180915,1,50
1573,20180915_ANIMAL1_55min,20180915,1,55
1574,20180915_ANIMAL1_5min,20180915,1,5
1575,20180915_ANIMAL1_60min,20180915,1,60
1576,20180915_ANIMAL1_65min,20180915,1,65
1577,20180915_ANIMAL1_70min,20180915,1,70
1578,20180915_ANIMAL2_0min,20180915,2,0
1579,20180915_ANIMAL2_10min,20180915,2,10
1580,20180915_ANIMAL2_15min,20180915,2,15
1581,20180915_ANIMAL2_20min,20180915,2,20
1582,20180915_ANIMAL2_25min,20180915,2,25
1583,20180915_ANIMAL2_30min,20180915,2,30
1584,20180915_ANIMAL2_35min,20180915,2,35
1585,20180915_ANIMAL2_40min,20180915,2,40
1586,20180915_ANIMAL2_45min,20180915,2,45
1587,20180915_ANIMAL2_50min,20180915,2,50
1588,20180915_ANIMAL2_55min,20180915,2,55
1589,20180915_ANIMAL2_5min,20180915,2,5
1590,20180915_ANIMAL2_60min,20180915,2,60
1591,20180916_ANIMAL1_0min,20180916,1,0
1592,20180916_ANIMAL1_10min,20180916,1,10
1593,20180916_ANIMAL1_15min,20180916,1,15
1594,20180916_ANIMAL1_20min,20180916,1,20
1595,20180916_ANIMAL1_25min,20180916,1,25
1596,20180916_ANIMAL1_30min,20180916,1,30
1597,20180916_ANIMAL1_5min,20180916,1,5
1598,20180926_ANIMAL1_0min,20180926,1,0
1599,20180926_ANIMAL1_10min,20180926,1,10
1600,20180926_ANIMAL1_15min,20180926,1,15
1601,20180926_ANIMAL1_20min,20180926,1,20
1602,20180926_ANIMAL1_25min,20180926,1,25
1603,20180926_ANIMAL1_30min,20180926,1,30
1604,20180926_ANIMAL1_5min,20180926,1,5
1605,20180926_ANIMAL2_0min,20180926,2,0
1606,20180926_ANIMAL2_10min,20180926,2,10
1607,20180926_ANIMAL2_15min,20180926,2,15
1608,20180926_ANIMAL2_20min,20180926,2,20
1609,20180926_ANIMAL2_25min,20180926,2,25
1610,20180926_ANIMAL2_30min,20180926,2,30
1611,20180926_ANIMAL2_5min,20180926,2,5
1612,20180926_ANIMAL3_0min,20180926,3,0
1613,20180926_ANIMAL3_10min,20180926,3,10
1614,20180926_ANIMAL3_15min,20180926,3,15
1615,20180926_ANIMAL3_20min,20180926,3,20
1616,20180926_ANIMAL3_25min,20180926,3,25
1617,20180926_ANIMAL3_30min,20180926,3,30
1618,20180926_ANIMAL3_5min,20180926,3,5
1619,20181002_ANIMAL1_0min,20181002,1,0
1620,20181002_ANIMAL1_10min,20181002,1,10
1621,20181002_ANIMAL1_15min,20181002,1,15
1622,20181002_ANIMAL1_20min,20181002,1,20
1623,20181002_ANIMAL1_25min,20181002,1,25
1624,20181002_ANIMAL1_30min,20181002,1,30
1625,20181002_ANIMAL1_35min,20181002,1,35
1626,20181002_ANIMAL1_40min,20181002,1,40
1627,20181002_ANIMAL1_45min,20181002,1,45
1628,20181002_ANIMAL1_50min,20181002,1,50
1629,20181002_ANIMAL1_55min,20181002,1,55
1630,20181002_ANIMAL1_5min,20181002,1,5
1631,20181003_ANIMAL1_0min,20181003,1,0
1632,20181003_ANIMAL1_10min,20181003,1,10
1633,20181003_ANIMAL1_15min,20181003,1,15
1634,20181003_ANIMAL1_20min,20181003,1,20
1635,20181003_ANIMAL1_25min,20181003,1,25
1636,20181003_ANIMAL1_30min,20181003,1,30
1637,20181003_ANIMAL1_5min,20181003,1,5
1638,20181018_ANIMAL1_0min,20181018,1,0
1639,20181018_ANIMAL1_20min,20181018,1,20
1640,20181018_ANIMAL1_25min,20181018,1,25
1641,20181018_ANIMAL1_30min,20181018,1,30
1642,20181018_ANIMAL1_35min,20181018,1,35
1643,20181018_ANIMAL1_40min,20181018,1,40
1644,20181018_ANIMAL1_45min,20181018,1,45
1645,20181018_ANIMAL1_50min,20181018,1,50
1646,20181018_ANIMAL1_55min,20181018,1,55
1647,20181018_ANIMAL1_60min,20181018,1,60
1648,20181018_ANIMAL1_61min,20181018,1,61
1649,20181018_ANIMAL1_62min,20181018,1,62
1650,20181018_ANIMAL1_63min,20181018,1,63
1651,20181018_ANIMAL1_64min,20181018,1,64
1652,20181018_ANIMAL1_65min,20181018,1,65
1653,20181018_ANIMAL2_0min,20181018,2,0
1654,20181018_ANIMAL2_10min,20181018,2,10
1655,20181018_ANIMAL2_15min,20181018,2,15
1656,20181018_ANIMAL2_20min,20181018,2,20
1657,20181018_ANIMAL2_25min,20181018,2,25
1658,20181018_ANIMAL2_30min,20181018,2,30
1659,20181018_ANIMAL2_35min,20181018,2,35
1660,20181018_ANIMAL2_40min,20181018,2,40
1661,20181018_ANIMAL2_45min,20181018,2,45
1662,20181018_ANIMAL2_50min,20181018,2,50
1663,20181018_ANIMAL2_55min,20181018,2,55
1664,20181018_ANIMAL2_5min,20181018,2,5
1665,20181018_ANIMAL2_60min,20181018,2,60
1666,20181018_ANIMAL2_61min,20181018,2,61
1667,20181018_ANIMAL2_62min,20181018,2,62
1668,20181018_ANIMAL2_63min,20181018,2,63
1669,20181018_ANIMAL2_64min,20181018,2,64
1670,20181018_ANIMAL2_65min,20181018,2,65
1671,20181018_ANIMAL3_0min,20181018,3,0
1672,20181018_ANIMAL3_10min,20181018,3,10
1673,20181018_ANIMAL3_15min,20181018,3,15
1674,20181018_ANIMAL3_20min,20181018,3,20
1675,20181018_ANIMAL3_25min,20181018,3,25
1676,20181018_ANIMAL3_30min,20181018,3,30
1677,20181018_ANIMAL3_35min,20181018,3,35
1678,20181018_ANIMAL3_40min,20181018,3,40
1679,20181018_ANIMAL3_45min,20181018,3,45
1680,20181018_ANIMAL3_50min,20181018,3,50
1681,20181018_ANIMAL3_55min,20181018,3,55
1682,20181018_ANIMAL3_5min,20181018,3,5
1683,20181018_ANIMAL3_60min,20181018,3,60
1684,20181018_ANIMAL3_61min,20181018,3,61
1685,20181018_ANIMAL3_62min,20181018,3,62
1686,20181018_ANIMAL3_63min,20181018,3,63
1687,20181018_ANIMAL3_64min,20181018,3,64
1688,20181018_ANIMAL3_65min,20181018,3,65
1689,20181018_ANIMAL3_66min,20181018,3,66
1690,20181018_ANIMAL3_67min,20181018,3,67
1691,20181018_ANIMAL3_68min,20181018,3,68
1692,20181018_ANIMAL3_69min,20181018,3,69
1693,20181018_ANIMAL3_70min,20181018,3,70
1694,20181030_ANIMAL1_0min,20181030,1,0
1695,20181030_ANIMAL1_10min,20181030,1,10
1696,20181030_ANIMAL1_15min,20181030,1,15
1697,20181030_ANIMAL1_20min,20181030,1,20
1698,20181030_ANIMAL1_25min,20181030,1,25
1699,20181030_ANIMAL1_30min,20181030,1,30
1700,20181030_ANIMAL1_35min,20181030,1,35
1701,20181030_ANIMAL1_40min,20181030,1,40
1702,20181030_ANIMAL1_45min,20181030,1,45
1703,20181030_ANIMAL1_50min,20181030,1,50
1704,20181030_ANIMAL1_55min,20181030,1,55
1705,20181030_ANIMAL1_5min,20181030,1,5
1706,20181030_ANIMAL1_60min,20181030,1,60
1707,20181030_ANIMAL1_61min,20181030,1,61
1708,20181030_ANIMAL1_62min,20181030,1,62
1709,20181030_ANIMAL1_63min,20181030,1,63
1710,20181030_ANIMAL1_64min,20181030,1,64
1711,20181030_ANIMAL1_65min,20181030,1,65
1712,20181030_ANIMAL2_0min,20181030,2,0
1713,20181030_ANIMAL2_10min,20181030,2,10
1714,20181030_ANIMAL2_15min,20181030,2,15
1715,20181030_ANIMAL2_20min,20181030,2,20
1716,20181030_ANIMAL2_25min,20181030,2,25
1717,20181030_ANIMAL2_30min,20181030,2,30
1718,20181030_ANIMAL2_35min,20181030,2,35
1719,20181030_ANIMAL2_40min,20181030,2,40
1720,20181030_ANIMAL2_45min,20181030,2,45
1721,20181030_ANIMAL2_50min,20181030,2,50
1722,20181030_ANIMAL2_55min,20181030,2,55
1723,20181030_ANIMAL2_5min,20181030,2,5
1724,20181030_ANIMAL2_60min,20181030,2,60
1725,20181030_ANIMAL2_61min,20181030,2,61
1726,20181030_ANIMAL2_62min,20181030,2,62
1727,20181030_ANIMAL2_63min,20181030,2,63
1728,20181030_ANIMAL2_64min,20181030,2,64
1729,20181030_ANIMAL2_65min,20181030,2,65
1730,20181030_ANIMAL3_0min,20181030,3,0
1731,20181030_ANIMAL3_10min,20181030,3,10
1732,20181030_ANIMAL3_15min,20181030,3,15
1733,20181030_ANIMAL3_20min,20181030,3,20
1734,20181030_ANIMAL3_25min,20181030,3,25
1735,20181030_ANIMAL3_30min,20181030,3,30
1736,20181030_ANIMAL3_35min,20181030,3,35
1737,20181030_ANIMAL3_40min,20181030,3,40
1738,20181030_ANIMAL3_45min,20181030,3,45
1739,20181030_ANIMAL3_50min,20181030,3,50
1740,20181030_ANIMAL3_55min,20181030,3,55
1741,20181030_ANIMAL3_5min,20181030,3,5
1742,20181030_ANIMAL3_60min,20181030,3,60
1743,20181030_ANIMAL3_61min,20181030,3,61
1744,20181030_ANIMAL3_62min,20181030,3,62
1745,20181030_ANIMAL3_63min,20181030,3,63
1746,20181030_ANIMAL3_64min,20181030,3,64
1747,20181030_ANIMAL3_65min,20181030,3,65
1748,20181030_ANIMAL4_0min,20181030,4,0
1749,20181030_ANIMAL4_10min,20181030,4,10
1750,20181030_ANIMAL4_15min,20181030,4,15
1751,20181030_ANIMAL4_20min,20181030,4,20
1752,20181030_ANIMAL4_25min,20181030,4,25
1753,20181030_ANIMAL4_30min,20181030,4,30
1754,20181030_ANIMAL4_35min,20181030,4,35
1755,20181030_ANIMAL4_40min,20181030,4,40
1756,20181030_ANIMAL4_45min,20181030,4,45
1757,20181030_ANIMAL4_50min,20181030,4,50
1758,20181030_ANIMAL4_55min,20181030,4,55
1759,20181030_ANIMAL4_5min,20181030,4,5
1760,20181030_ANIMAL4_60min,20181030,4,60
1761,20181030_ANIMAL4_61min,20181030,4,61
1762,20181030_ANIMAL4_62min,20181030,4,62
1763,20181030_ANIMAL4_63min,20181030,4,63
1764,20181030_ANIMAL4_64min,20181030,4,64
1765,20181030_ANIMAL4_65min,20181030,4,65
1766,20181030_ANIMAL4_66min,20181030,4,66
1767,20181030_ANIMAL4_67min,20181030,4,67
1768,20181030_ANIMAL4_68min,20181030,4,68
1769,20181101_ANIMAL1_0min,20181101,1,0
1770,20181101_ANIMAL1_10min,20181101,1,10
1771,20181101_ANIMAL1_15min,20181101,1,15
1772,20181101_ANIMAL1_20min,20181101,1,20
1773,20181101_ANIMAL1_25min,20181101,1,25
1774,20181101_ANIMAL1_30min,20181101,1,30
1775,20181101_ANIMAL1_35min,20181101,1,35
1776,20181101_ANIMAL1_40min,20181101,1,40
1777,20181101_ANIMAL1_45min,20181101,1,45
1778,20181101_ANIMAL1_50min,20181101,1,50
1779,20181101_ANIMAL1_55min,20181101,1,55
1780,20181101_ANIMAL1_5min,20181101,1,5
1781,20181101_ANIMAL1_60min,20181101,1,60
1782,20181101_ANIMAL1_61min,20181101,1,61
1783,20181101_ANIMAL1_62min,20181101,1,62
1784,20181101_ANIMAL1_63min,20181101,1,63
1785,20181101_ANIMAL1_64min,20181101,1,64
1786,20181101_ANIMAL1_65min,20181101,1,65
1787,20181101_ANIMAL2_0min,20181101,2,0
1788,20181101_ANIMAL2_10min,20181101,2,10
1789,20181101_ANIMAL2_15min,20181101,2,15
1790,20181101_ANIMAL2_20min,20181101,2,20
1791,20181101_ANIMAL2_25min,20181101,2,25
1792,20181101_ANIMAL2_30min,20181101,2,30
1793,20181101_ANIMAL2_35min,20181101,2,35
1794,20181101_ANIMAL2_40min,20181101,2,40
1795,20181101_ANIMAL2_45min,20181101,2,45
1796,20181101_ANIMAL2_5min,20181101,2,5
1797,20181101_ANIMAL3_0min,20181101,3,0
1798,20181101_ANIMAL3_10min,20181101,3,10
1799,20181101_ANIMAL3_15min,20181101,3,15
1800,20181101_ANIMAL3_20min,20181101,3,20
1801,20181101_ANIMAL3_25min,20181101,3,25
1802,20181101_ANIMAL3_30min,20181101,3,30
1803,20181101_ANIMAL3_35min,20181101,3,35
1804,20181101_ANIMAL3_40min,20181101,3,40
1805,20181101_ANIMAL3_45min,20181101,3,45
1806,20181101_ANIMAL3_50min,20181101,3,50
1807,20181101_ANIMAL3_55min,20181101,3,55
1808,20181101_ANIMAL3_5min,20181101,3,5
1809,20181101_ANIMAL3_60min,20181101,3,60
1810,20181101_ANIMAL3_65min,20181101,3,65
1811,20181101_ANIMAL4_0min,20181101,4,0
1812,20181101_ANIMAL4_10min,20181101,4,10
1813,20181101_ANIMAL4_15min,20181101,4,15
1814,20181101_ANIMAL4_20min,20181101,4,20
1815,20181101_ANIMAL4_25min,20181101,4,25
1816,20181101_ANIMAL4_30min,20181101,4,30
1817,20181101_ANIMAL4_35min,20181101,4,35
1818,20181101_ANIMAL4_40min,20181101,4,40
1819,20181101_ANIMAL4_45min,20181101,4,45
1820,20181101_ANIMAL4_50min,20181101,4,50
1821,20181101_ANIMAL4_55min,20181101,4,55
1822,20181101_ANIMAL4_5min,20181101,4,5
1823,20181101_ANIMAL4_60min,20181101,4,60
1824,20181101_ANIMAL4_61min,20181101,4,61
1825,20181101_ANIMAL4_62min,20181101,4,62
1826,20181101_ANIMAL4_63min,20181101,4,63
1827,20181101_ANIMAL4_64min,20181101,4,64
1828,20181101_ANIMAL4_65min,20181101,4,65
1829,20181101_ANIMAL4_66min,20181101,4,66
1830,20181102_ANIMAL1_0min,20181102,1,0
1831,20181102_ANIMAL1_10min,20181102,1,10
1832,20181102_ANIMAL1_15min,20181102,1,15
1833,20181102_ANIMAL1_20min,20181102,1,20
1834,20181102_ANIMAL1_25min,20181102,1,25
1835,20181102_ANIMAL1_30min,20181102,1,30
1836,20181102_ANIMAL1_35min,20181102,1,35
1837,20181102_ANIMAL1_40min,20181102,1,40
1838,20181102_ANIMAL1_45min,20181102,1,45
1839,20181102_ANIMAL1_50min,20181102,1,50
1840,20181102_ANIMAL1_55min,20181102,1,55
1841,20181102_ANIMAL1_5min,20181102,1,5
1842,20181102_ANIMAL1_60min,20181102,1,60
1843,20181102_ANIMAL1_61min,20181102,1,61
1844,20181102_ANIMAL1_62min,20181102,1,62
1845,20181102_ANIMAL1_63min,20181102,1,63
1846,20181102_ANIMAL1_64min,20181102,1,64
1847,20181102_ANIMAL1_65min,20181102,1,65
1848,20181102_ANIMAL2_0min,20181102,2,0
1849,20181102_ANIMAL2_10min,20181102,2,10
1850,20181102_ANIMAL2_15min,20181102,2,15
1851,20181102_ANIMAL2_20min,20181102,2,20
1852,20181102_ANIMAL2_25min,20181102,2,25
1853,20181102_ANIMAL2_30min,20181102,2,30
1854,20181102_ANIMAL2_35min,20181102,2,35
1855,20181102_ANIMAL2_40min,20181102,2,40
1856,20181102_ANIMAL2_45min,20181102,2,45
1857,20181102_ANIMAL2_50min,20181102,2,50
1858,20181102_ANIMAL2_55min,20181102,2,55
1859,20181102_ANIMAL2_5min,20181102,2,5
1860,20181102_ANIMAL2_60min,20181102,2,60
1861,20181102_ANIMAL2_61min,20181102,2,61
1862,20181102_ANIMAL2_62min,20181102,2,62
1863,20181102_ANIMAL2_63min,20181102,2,63
1864,20181102_ANIMAL2_64min,20181102,2,64
1865,20181102_ANIMAL2_65min,20181102,2,65
1866,20181102_ANIMAL3_0min,20181102,3,0
1867,20181102_ANIMAL3_10min,20181102,3,10
1868,20181102_ANIMAL3_15min,20181102,3,15
1869,20181102_ANIMAL3_20min,20181102,3,20
1870,20181102_ANIMAL3_25min,20181102,3,25
1871,20181102_ANIMAL3_30min,20181102,3,30
1872,20181102_ANIMAL3_35min,20181102,3,35
1873,20181102_ANIMAL3_40min,20181102,3,40
1874,20181102_ANIMAL3_45min,20181102,3,45
1875,20181102_ANIMAL3_50min,20181102,3,50
1876,20181102_ANIMAL3_55min,20181102,3,55
1877,20181102_ANIMAL3_5min,20181102,3,5
1878,20181102_ANIMAL3_60min,20181102,3,60
1879,20181102_ANIMAL3_61min,20181102,3,61
1880,20181102_ANIMAL3_62min,20181102,3,62
1881,20181102_ANIMAL3_63min,20181102,3,63
1882,20181102_ANIMAL3_64min,20181102,3,64
1883,20181102_ANIMAL3_65min,20181102,3,65
1884,20181102_ANIMAL4_0min,20181102,4,0
1885,20181102_ANIMAL4_10min,20181102,4,10
1886,20181102_ANIMAL4_15min,20181102,4,15
1887,20181102_ANIMAL4_20min,20181102,4,20
1888,20181102_ANIMAL4_25min,20181102,4,25
1889,20181102_ANIMAL4_30min,20181102,4,30
1890,20181102_ANIMAL4_35min,20181102,4,35
1891,20181102_ANIMAL4_40min,20181102,4,40
1892,20181102_ANIMAL4_45min,20181102,4,45
1893,20181102_ANIMAL4_50min,20181102,4,50
1894,20181102_ANIMAL4_55min,20181102,4,55
1895,20181102_ANIMAL4_5min,20181102,4,5
1896,20181102_ANIMAL4_60min,20181102,4,60
1897,20181102_ANIMAL4_61min,20181102,4,61
1898,20181102_ANIMAL4_62min,20181102,4,62
1899,20181102_ANIMAL4_63min,20181102,4,63
1900,20181102_ANIMAL4_64min,20181102,4,64
1901,20181102_ANIMAL4_65min,20181102,4,65
1902,20181112_ANIMAL1_0min,20181112,1,0
1903,20181112_ANIMAL1_12min,20181112,1,12
1904,20181112_ANIMAL1_1min,20181112,1,1
1905,20181112_ANIMAL1_2min,20181112,1,2
1906,20181112_ANIMAL1_3min,20181112,1,3
1907,20181112_ANIMAL1_4min,20181112,1,4
1908,20181112_ANIMAL1_5min,20181112,1,5
1909,20181112_ANIMAL2_0min,20181112,2,0
1910,20181112_ANIMAL2_12min,20181112,2,12
1911,20181112_ANIMAL2_17min,20181112,2,17
1912,20181112_ANIMAL2_1min,20181112,2,1
1913,20181112_ANIMAL2_22min,20181112,2,22
1914,20181112_ANIMAL2_27min,20181112,2,27
1915,20181112_ANIMAL2_2min,20181112,2,2
1916,20181112_ANIMAL2_32min,20181112,2,32
1917,20181112_ANIMAL2_37min,20181112,2,37
1918,20181112_ANIMAL2_3min,20181112,2,3
1919,20181112_ANIMAL2_42min,20181112,2,42
1920,20181112_ANIMAL2_47min,20181112,2,47
1921,20181112_ANIMAL2_4min,20181112,2,4
1922,20181112_ANIMAL2_52min,20181112,2,52
1923,20181112_ANIMAL2_57min,20181112,2,57
1924,20181112_ANIMAL2_5min,20181112,2,5
1925,20181112_ANIMAL2_62min,20181112,2,62
1926,20181112_ANIMAL2_67min,20181112,2,67
1927,20181112_ANIMAL2_72min,20181112,2,72
1928,20181112_ANIMAL3_0min,20181112,3,0
1929,20181112_ANIMAL3_12min,20181112,3,12
1930,20181112_ANIMAL3_17min,20181112,3,17
1931,20181112_ANIMAL3_1min,20181112,3,1
1932,20181112_ANIMAL3_22min,20181112,3,22
1933,20181112_ANIMAL3_27min,20181112,3,27
1934,20181112_ANIMAL3_2min,20181112,3,2
1935,20181112_ANIMAL3_32min,20181112,3,32
1936,20181112_ANIMAL3_37min,20181112,3,37
1937,20181112_ANIMAL3_3min,20181112,3,3
1938,20181112_ANIMAL3_42min,20181112,3,42
1939,20181112_ANIMAL3_47min,20181112,3,47
1940,20181112_ANIMAL3_4min,20181112,3,4
1941,20181112_ANIMAL3_52min,20181112,3,52
1942,20181112_ANIMAL3_57min,20181112,3,57
1943,20181112_ANIMAL3_5min,20181112,3,5
1944,20181112_ANIMAL3_62min,20181112,3,62
1945,20181112_ANIMAL3_67min,20181112,3,67
1946,20181112_ANIMAL3_72min,20181112,3,72
1947,20181112_ANIMAL3_73min,20181112,3,73
1948,20181112_ANIMAL3_74min,20181112,3,74
1949,20181112_ANIMAL3_75min,20181112,3,75
1950,20181112_ANIMAL3_76min,20181112,3,76
1951,20181112_ANIMAL3_77min,20181112,3,77
1952,20181112_ANIMAL4_0min,20181112,4,0
1953,20181112_ANIMAL4_12min,20181112,4,12
1954,20181112_ANIMAL4_1min,20181112,4,1
1955,20181112_ANIMAL4_2min,20181112,4,2
1956,20181112_ANIMAL4_3min,20181112,4,3
1957,20181112_ANIMAL4_4min,20181112,4,4
1958,20181112_ANIMAL4_5min,20181112,4,5
1959,20181113_ANIMAL5_0min,20181113,5,0
1960,20181113_ANIMAL5_12min,20181113,5,12
1961,20181113_ANIMAL5_1min,20181113,5,1
1962,20181113_ANIMAL5_2min,20181113,5,2
1963,20181113_ANIMAL5_3min,20181113,5,3
1964,20181113_ANIMAL5_4min,20181113,5,4
1965,20181113_ANIMAL5_5min,20181113,5,5
1966,20181113_ANIMAL7_0min,20181113,7,0
1967,20181113_ANIMAL7_12min,20181113,7,12
1968,20181113_ANIMAL7_17min,20181113,7,17
1969,20181113_ANIMAL7_1min,20181113,7,1
1970,20181113_ANIMAL7_22min,20181113,7,22
1971,20181113_ANIMAL7_27min,20181113,7,27
1972,20181113_ANIMAL7_2min,20181113,7,2
1973,20181113_ANIMAL7_32min,20181113,7,32
1974,20181113_ANIMAL7_37min,20181113,7,37
1975,20181113_ANIMAL7_3min,20181113,7,3
1976,20181113_ANIMAL7_42min,20181113,7,42
1977,20181113_ANIMAL7_47min,20181113,7,47
1978,20181113_ANIMAL7_4min,20181113,7,4
1979,20181113_ANIMAL7_52min,20181113,7,52
1980,20181113_ANIMAL7_57min,20181113,7,57
1981,20181113_ANIMAL7_5min,20181113,7,5
1982,20181113_ANIMAL7_62min,20181113,7,62
1983,20181113_ANIMAL7_67min,20181113,7,67
1984,20181113_ANIMAL7_72min,20181113,7,72
1985,20181113_ANIMAL7_73min,20181113,7,73
1986,20181113_ANIMAL7_74min,20181113,7,74
1987,20181113_ANIMAL7_75min,20181113,7,75
1988,20181113_ANIMAL7_76min,20181113,7,76
1989,20181113_ANIMAL7_77min,20181113,7,77
1990,20181113_ANIMAL8_0min,20181113,8,0
1991,20181113_ANIMAL8_12min,20181113,8,12
1992,20181113_ANIMAL8_17min,20181113,8,17
1993,20181113_ANIMAL8_1min,20181113,8,1
1994,20181113_ANIMAL8_22min,20181113,8,22
1995,20181113_ANIMAL8_27min,20181113,8,27
1996,20181113_ANIMAL8_2min,20181113,8,2
1997,20181113_ANIMAL8_32min,20181113,8,32
1998,20181113_ANIMAL8_37min,20181113,8,37
1999,20181113_ANIMAL8_3min,20181113,8,3
2000,20181113_ANIMAL8_42min,20181113,8,42
2001,20181113_ANIMAL8_47min,20181113,8,47
2002,20181113_ANIMAL8_4min,20181113,8,4
2003,20181113_ANIMAL8_52min,20181113,8,52
2004,20181113_ANIMAL8_57min,20181113,8,57
2005,20181113_ANIMAL8_5min,20181113,8,5
2006,20181113_ANIMAL8_62min,20181113,8,62
2007,20181113_ANIMAL8_67min,20181113,8,67
2008,20181113_ANIMAL8_72min,20181113,8,72
2009,20181113_ANIMAL8_73min,20181113,8,73
2010,20181113_ANIMAL8_74min,20181113,8,74
2011,20181113_ANIMAL8_75min,20181113,8,75
2012,20181113_ANIMAL8_76min,20181113,8,76
2013,20181113_ANIMAL8_77min,20181113,8,77
2014,20181113_ANIMAL9_0min,20181113,9,0
2015,20181113_ANIMAL9_12min,20181113,9,12
2016,20181113_ANIMAL9_17min,20181113,9,17
2017,20181113_ANIMAL9_1min,20181113,9,1
2018,20181113_ANIMAL9_22min,20181113,9,22
2019,20181113_ANIMAL9_27min,20181113,9,27
2020,20181113_ANIMAL9_2min,20181113,9,2
2021,20181113_ANIMAL9_32min,20181113,9,32
2022,20181113_ANIMAL9_37min,20181113,9,37
2023,20181113_ANIMAL9_3min,20181113,9,3
2024,20181113_ANIMAL9_42min,20181113,9,42
2025,20181113_ANIMAL9_47min,20181113,9,47
2026,20181113_ANIMAL9_4min,20181113,9,4
2027,20181113_ANIMAL9_52min,20181113,9,52
2028,20181113_ANIMAL9_57min,20181113,9,57
2029,20181113_ANIMAL9_5min,20181113,9,5
2030,20181113_ANIMAL9_62min,20181113,9,62
2031,20181113_ANIMAL9_67min,20181113,9,67
2032,20181113_ANIMAL9_72min,20181113,9,72
2033,20181114_ANIMAL10_0min,20181114,10,0
2034,20181114_ANIMAL10_1min,20181114,10,1
2035,20181114_ANIMAL10_2min,20181114,10,2
2036,20181114_ANIMAL10_3min,20181114,10,3
2037,20181114_ANIMAL10_4min,20181114,10,4
2038,20181114_ANIMAL10_5min,20181114,10,5
2039,20181114_ANIMAL11_0min,20181114,11,0
2040,20181114_ANIMAL11_1min,20181114,11,1
2041,20181114_ANIMAL11_2min,20181114,11,2
2042,20181114_ANIMAL11_3min,20181114,11,3
2043,20181114_ANIMAL11_4min,20181114,11,4
2044,20181114_ANIMAL11_5min,20181114,11,5
2045,20181114_ANIMAL12_0min,20181114,12,0
2046,20181114_ANIMAL12_1min,20181114,12,1
2047,20181114_ANIMAL12_2min,20181114,12,2
2048,20181114_ANIMAL12_3min,20181114,12,3
2049,20181114_ANIMAL12_4min,20181114,12,4
2050,20181114_ANIMAL12_5min,20181114,12,5
2051,20181114_ANIMAL1_0min,20181114,1,0
2052,20181114_ANIMAL1_10min,20181114,1,10
2053,20181114_ANIMAL1_15min,20181114,1,15
2054,20181114_ANIMAL1_1min,20181114,1,1
2055,20181114_ANIMAL1_20min,20181114,1,20
2056,20181114_ANIMAL1_25min,20181114,1,25
2057,20181114_ANIMAL1_2min,20181114,1,2
2058,20181114_ANIMAL1_30min,20181114,1,30
2059,20181114_ANIMAL1_35min,20181114,1,35
2060,20181114_ANIMAL1_3min,20181114,1,3
2061,20181114_ANIMAL1_40min,20181114,1,40
2062,20181114_ANIMAL1_45min,20181114,1,45
2063,20181114_ANIMAL1_4min,20181114,1,4
2064,20181114_ANIMAL1_50min,20181114,1,50
2065,20181114_ANIMAL1_55min,20181114,1,55
2066,20181114_ANIMAL1_5min,20181114,1,5
2067,20181114_ANIMAL1_60min,20181114,1,60
2068,20181114_ANIMAL1_61min,20181114,1,61
2069,20181114_ANIMAL1_62min,20181114,1,62
2070,20181114_ANIMAL1_63min,20181114,1,63
2071,20181114_ANIMAL1_64min,20181114,1,64
2072,20181114_ANIMAL1_65min,20181114,1,65
2073,20181114_ANIMAL2_0min,20181114,2,0
2074,20181114_ANIMAL2_10min,20181114,2,10
2075,20181114_ANIMAL2_15min,20181114,2,15
2076,20181114_ANIMAL2_20min,20181114,2,20
2077,20181114_ANIMAL2_25min,20181114,2,25
2078,20181114_ANIMAL2_30min,20181114,2,30
2079,20181114_ANIMAL2_5min,20181114,2,5
2080,20181114_ANIMAL3_0min,20181114,3,0
2081,20181114_ANIMAL3_10min,20181114,3,10
2082,20181114_ANIMAL3_15min,20181114,3,15
2083,20181114_ANIMAL3_20min,20181114,3,20
2084,20181114_ANIMAL3_25min,20181114,3,25
2085,20181114_ANIMAL3_30min,20181114,3,30
2086,20181114_ANIMAL3_35min,20181114,3,35
2087,20181114_ANIMAL3_40min,20181114,3,40
2088,20181114_ANIMAL3_45min,20181114,3,45
2089,20181114_ANIMAL3_50min,20181114,3,50
2090,20181114_ANIMAL3_55min,20181114,3,55
2091,20181114_ANIMAL3_5min,20181114,3,5
2092,20181114_ANIMAL3_60min,20181114,3,60
2093,20181114_ANIMAL3_61min,20181114,3,61
2094,20181114_ANIMAL3_62min,20181114,3,62
2095,20181114_ANIMAL3_63min,20181114,3,63
2096,20181114_ANIMAL3_64min,20181114,3,64
2097,20181114_ANIMAL3_65min,20181114,3,65
2098,20181114_ANIMAL4_10min,20181114,4,10
2099,20181114_ANIMAL4_15min,20181114,4,15
2100,20181114_ANIMAL4_20min,20181114,4,20
2101,20181114_ANIMAL4_25min,20181114,4,25
2102,20181114_ANIMAL4_30min,20181114,4,30
2103,20181114_ANIMAL4_35min,20181114,4,35
2104,20181114_ANIMAL4_40min,20181114,4,40
2105,20181114_ANIMAL4_45min,20181114,4,45
2106,20181114_ANIMAL4_50min,20181114,4,50
2107,20181114_ANIMAL4_55min,20181114,4,55
2108,20181114_ANIMAL4_5min,20181114,4,5
2109,20181114_ANIMAL4_60min,20181114,4,60
2110,20181114_ANIMAL4_61min,20181114,4,61
2111,20181114_ANIMAL4_62min,20181114,4,62
2112,20181114_ANIMAL4_63min,20181114,4,63
2113,20181114_ANIMAL4_64min,20181114,4,64
2114,20181114_ANIMAL4_65min,20181114,4,65
2115,20181114_ANIMAL5_10min,20181114,5,10
2116,20181114_ANIMAL5_15min,20181114,5,15
2117,20181114_ANIMAL5_4min,20181114,5,4
2118,20181114_ANIMAL5_55min,20181114,5,55
2119,20181114_ANIMAL5_5min,20181114,5,5
2120,20181114_ANIMAL5_60min,20181114,5,60
2121,20181114_ANIMAL5_61min,20181114,5,61
2122,20181114_ANIMAL5_63min,20181114,5,63
2123,20181114_ANIMAL5_64min,20181114,5,64
2124,20181114_ANIMAL5_65min,20181114,5,65
2125,20181114_ANIMAL6_0min,20181114,6,0
2126,20181114_ANIMAL6_10min,20181114,6,10
2127,20181114_ANIMAL6_15min,20181114,6,15
2128,20181114_ANIMAL6_1min,20181114,6,1
2129,20181114_ANIMAL6_20min,20181114,6,20
2130,20181114_ANIMAL6_25min,20181114,6,25
2131,20181114_ANIMAL6_2min,20181114,6,2
2132,20181114_ANIMAL6_30min,20181114,6,30
2133,20181114_ANIMAL6_35min,20181114,6,35
2134,20181114_ANIMAL6_3min,20181114,6,3
2135,20181114_ANIMAL6_40min,20181114,6,40
2136,20181114_ANIMAL6_45min,20181114,6,45
2137,20181114_ANIMAL6_4min,20181114,6,4
2138,20181114_ANIMAL6_50min,20181114,6,50
2139,20181114_ANIMAL6_55min,20181114,6,55
2140,20181114_ANIMAL6_5min,20181114,6,5
2141,20181114_ANIMAL6_60min,20181114,6,60
2142,20181114_ANIMAL6_61min,20181114,6,61
2143,20181114_ANIMAL6_62min,20181114,6,62
2144,20181114_ANIMAL6_63min,20181114,6,63
2145,20181114_ANIMAL6_64min,20181114,6,64
2146,20181114_ANIMAL6_65min,20181114,6,65
2147,20181114_ANIMAL7_0min,20181114,7,0
2148,20181114_ANIMAL7_10min,20181114,7,10
2149,20181114_ANIMAL7_15min,20181114,7,15
2150,20181114_ANIMAL7_1min,20181114,7,1
2151,20181114_ANIMAL7_20min,20181114,7,20
2152,20181114_ANIMAL7_25min,20181114,7,25
2153,20181114_ANIMAL7_2min,20181114,7,2
2154,20181114_ANIMAL7_30min,20181114,7,30
2155,20181114_ANIMAL7_35min,20181114,7,35
2156,20181114_ANIMAL7_3min,20181114,7,3
2157,20181114_ANIMAL7_40min,20181114,7,40
2158,20181114_ANIMAL7_45min,20181114,7,45
2159,20181114_ANIMAL7_4min,20181114,7,4
2160,20181114_ANIMAL7_50min,20181114,7,50
2161,20181114_ANIMAL7_55min,20181114,7,55
2162,20181114_ANIMAL7_5min,20181114,7,5
2163,20181114_ANIMAL7_60min,20181114,7,60
2164,20181114_ANIMAL7_61min,20181114,7,61
2165,20181114_ANIMAL7_62min,20181114,7,62
2166,20181114_ANIMAL7_63min,20181114,7,63
2167,20181114_ANIMAL7_64min,20181114,7,64
2168,20181114_ANIMAL7_65min,20181114,7,65
2169,20181114_ANIMAL8_0min,20181114,8,0
2170,20181114_ANIMAL8_1min,20181114,8,1
2171,20181114_ANIMAL8_2min,20181114,8,2
2172,20181114_ANIMAL8_3min,20181114,8,3
2173,20181114_ANIMAL8_4min,20181114,8,4
2174,20181114_ANIMAL8_5min,20181114,8,5
2175,20181114_ANIMAL9_0min,20181114,9,0
2176,20181114_ANIMAL9_1min,20181114,9,1
2177,20181114_ANIMAL9_2min,20181114,9,2
2178,20181114_ANIMAL9_3min,20181114,9,3
2179,20181114_ANIMAL9_4min,20181114,9,4
2180,20181114_ANIMAL9_5min,20181114,9,5
2181,20181124_ANIMAL13_0min,20181124,13,0
2182,20181124_ANIMAL13_10min,20181124,13,10
2183,20181124_ANIMAL13_15min,20181124,13,15
2184,20181124_ANIMAL13_1min,20181124,13,1
2185,20181124_ANIMAL13_20min,20181124,13,20
2186,20181124_ANIMAL13_25min,20181124,13,25
2187,20181124_ANIMAL13_2min,20181124,13,2
2188,20181124_ANIMAL13_30min,20181124,13,30
2189,20181124_ANIMAL13_35min,20181124,13,35
2190,20181124_ANIMAL13_3min,20181124,13,3
2191,20181124_ANIMAL13_40min,20181124,13,40
2192,20181124_ANIMAL13_45min,20181124,13,45
2193,20181124_ANIMAL13_4min,20181124,13,4
2194,20181124_ANIMAL13_50min,20181124,13,50
2195,20181124_ANIMAL13_55min,20181124,13,55
2196,20181124_ANIMAL13_5min,20181124,13,5
2197,20181124_ANIMAL13_61min,20181124,13,61
2198,20181124_ANIMAL13_62min,20181124,13,62
2199,20181124_ANIMAL13_63min,20181124,13,63
2200,20181124_ANIMAL13_64min,20181124,13,64
2201,20181124_ANIMAL13_65min,20181124,13,65
2202,20181124_ANIMAL14_0min,20181124,14,0
2203,20181124_ANIMAL14_10min,20181124,14,10
2204,20181124_ANIMAL14_15min,20181124,14,15
2205,20181124_ANIMAL14_1min,20181124,14,1
2206,20181124_ANIMAL14_20min,20181124,14,20
2207,20181124_ANIMAL14_25min,20181124,14,25
2208,20181124_ANIMAL14_2min,20181124,14,2
2209,20181124_ANIMAL14_30min,20181124,14,30
2210,20181124_ANIMAL14_35min,20181124,14,35
2211,20181124_ANIMAL14_3min,20181124,14,3
2212,20181124_ANIMAL14_40min,20181124,14,40
2213,20181124_ANIMAL14_45min,20181124,14,45
2214,20181124_ANIMAL14_4min,20181124,14,4
2215,20181124_ANIMAL14_50min,20181124,14,50
2216,20181124_ANIMAL14_55min,20181124,14,55
2217,20181124_ANIMAL14_5min,20181124,14,5
2218,20181124_ANIMAL14_60min,20181124,14,60
2219,20181124_ANIMAL14_61min,20181124,14,61
2220,20181124_ANIMAL14_62min,20181124,14,62
2221,20181124_ANIMAL14_63min,20181124,14,63
2222,20181124_ANIMAL14_64min,20181124,14,64
2223,20181124_ANIMAL14_65min,20181124,14,65
2224,20181127_ANIMAL1_0min,20181127,1,0
2225,20181127_ANIMAL1_1min,20181127,1,1
2226,20181127_ANIMAL1_2min,20181127,1,2
2227,20181127_ANIMAL1_3min,20181127,1,3
2228,20181127_ANIMAL1_4min,20181127,1,4
2229,20181127_ANIMAL1_5min,20181127,1,5
2230,20181127_ANIMAL2_0min,20181127,2,0
2231,20181127_ANIMAL2_1min,20181127,2,1
2232,20181127_ANIMAL2_2min,20181127,2,2
2233,20181127_ANIMAL2_3min,20181127,2,3
2234,20181127_ANIMAL2_4min,20181127,2,4
2235,20181127_ANIMAL2_5min,20181127,2,5
2236,20181208_ANIMAL1_0min,20181208,1,0
2237,20181208_ANIMAL1_10min,20181208,1,10
2238,20181208_ANIMAL1_15min,20181208,1,15
2239,20181208_ANIMAL1_1min,20181208,1,1
2240,20181208_ANIMAL1_20min,20181208,1,20
2241,20181208_ANIMAL1_25min,20181208,1,25
2242,20181208_ANIMAL1_2min,20181208,1,2
2243,20181208_ANIMAL1_30min,20181208,1,30
2244,20181208_ANIMAL1_35min,20181208,1,35
2245,20181208_ANIMAL1_3min,20181208,1,3
2246,20181208_ANIMAL1_40min,20181208,1,40
2247,20181208_ANIMAL1_45min,20181208,1,45
2248,20181208_ANIMAL1_4min,20181208,1,4
2249,20181208_ANIMAL1_50min,20181208,1,50
2250,20181208_ANIMAL1_55min,20181208,1,55
2251,20181208_ANIMAL1_5min,20181208,1,5
2252,20181208_ANIMAL1_60min,20181208,1,60
2253,20181208_ANIMAL1_61min,20181208,1,61
2254,20181208_ANIMAL1_62min,20181208,1,62
2255,20181208_ANIMAL1_63min,20181208,1,63
2256,20181208_ANIMAL1_64min,20181208,1,64
2257,20181208_ANIMAL1_65min,20181208,1,65
2258,20181208_ANIMAL2_0min,20181208,2,0
2259,20181208_ANIMAL2_10min,20181208,2,10
2260,20181208_ANIMAL2_15min,20181208,2,15
2261,20181208_ANIMAL2_1min,20181208,2,1
2262,20181208_ANIMAL2_20min,20181208,2,20
2263,20181208_ANIMAL2_25min,20181208,2,25
2264,20181208_ANIMAL2_2min,20181208,2,2
2265,20181208_ANIMAL2_30min,20181208,2,30
2266,20181208_ANIMAL2_35min,20181208,2,35
2267,20181208_ANIMAL2_3min,20181208,2,3
2268,20181208_ANIMAL2_40min,20181208,2,40
2269,20181208_ANIMAL2_45min,20181208,2,45
2270,20181208_ANIMAL2_4min,20181208,2,4
2271,20181208_ANIMAL2_50min,20181208,2,50
2272,20181208_ANIMAL2_55min,20181208,2,55
2273,20181208_ANIMAL2_5min,20181208,2,5
2274,20181208_ANIMAL2_60min,20181208,2,60
2275,20181208_ANIMAL2_61min,20181208,2,61
2276,20181208_ANIMAL2_62min,20181208,2,62
2277,20181208_ANIMAL2_63min,20181208,2,63
2278,20181208_ANIMAL2_64min,20181208,2,64
2279,20181208_ANIMAL2_65min,20181208,2,65
2280,20181208_ANIMAL3_0min,20181208,3,0
2281,20181208_ANIMAL3_10min,20181208,3,10
2282,20181208_ANIMAL3_15min,20181208,3,15
2283,20181208_ANIMAL3_1min,20181208,3,1
2284,20181208_ANIMAL3_20min,20181208,3,20
2285,20181208_ANIMAL3_25min,20181208,3,25
2286,20181208_ANIMAL3_2min,20181208,3,2
2287,20181208_ANIMAL3_30min,20181208,3,30
2288,20181208_ANIMAL3_35min,20181208,3,35
2289,20181208_ANIMAL3_3min,20181208,3,3
2290,20181208_ANIMAL3_40min,20181208,3,40
2291,20181208_ANIMAL3_45min,20181208,3,45
2292,20181208_ANIMAL3_4min,20181208,3,4
2293,20181208_ANIMAL3_50min,20181208,3,50
2294,20181208_ANIMAL3_55min,20181208,3,55
2295,20181208_ANIMAL3_5min,20181208,3,5
2296,20181208_ANIMAL3_60min,20181208,3,60
2297,20181213_ANIMAL4_0min,20181213,4,0
2298,20181213_ANIMAL4_10min,20181213,4,10
2299,20181213_ANIMAL4_15min,20181213,4,15
2300,20181213_ANIMAL4_1min,20181213,4,1
2301,20181213_ANIMAL4_20min,20181213,4,20
2302,20181213_ANIMAL4_25min,20181213,4,25
2303,20181213_ANIMAL4_2min,20181213,4,2
2304,20181213_ANIMAL4_30min,20181213,4,30
2305,20181213_ANIMAL4_35min,20181213,4,35
2306,20181213_ANIMAL4_3min,20181213,4,3
2307,20181213_ANIMAL4_40min,20181213,4,40
2308,20181213_ANIMAL4_45min,20181213,4,45
2309,20181213_ANIMAL4_4min,20181213,4,4
2310,20181213_ANIMAL4_50min,20181213,4,50
2311,20181213_ANIMAL4_55min,20181213,4,55
2312,20181213_ANIMAL4_5min,20181213,4,5
2313,20181213_ANIMAL4_60min,20181213,4,60
2314,20181213_ANIMAL4_61min,20181213,4,61
2315,20181213_ANIMAL4_62min,20181213,4,62
2316,20181213_ANIMAL4_63min,20181213,4,63
2317,20181213_ANIMAL4_64min,20181213,4,64
2318,20181213_ANIMAL4_65min,20181213,4,65
2319,20181213_ANIMAL5_0min,20181213,5,0
2320,20181213_ANIMAL5_10min,20181213,5,10
2321,20181213_ANIMAL5_15min,20181213,5,15
2322,20181213_ANIMAL5_1min,20181213,5,1
2323,20181213_ANIMAL5_20min,20181213,5,20
2324,20181213_ANIMAL5_25min,20181213,5,25
2325,20181213_ANIMAL5_2min,20181213,5,2
2326,20181213_ANIMAL5_30min,20181213,5,30
2327,20181213_ANIMAL5_35min,20181213,5,35
2328,20181213_ANIMAL5_3min,20181213,5,3
2329,20181213_ANIMAL5_40min,20181213,5,40
2330,20181213_ANIMAL5_45min,20181213,5,45
2331,20181213_ANIMAL5_4min,20181213,5,4
2332,20181213_ANIMAL5_50min,20181213,5,50
2333,20181213_ANIMAL5_55min,20181213,5,55
2334,20181213_ANIMAL5_5min,20181213,5,5
2335,20181213_ANIMAL5_60min,20181213,5,60
2336,20181213_ANIMAL5_61min,20181213,5,61
2337,20181213_ANIMAL5_62min,20181213,5,62
2338,20181213_ANIMAL5_63min,20181213,5,63
2339,20181213_ANIMAL5_64min,20181213,5,64
2340,20181213_ANIMAL5_65min,20181213,5,65
2341,20181213_ANIMAL6_0min,20181213,6,0
2342,20181213_ANIMAL6_10min,20181213,6,10
2343,20181213_ANIMAL6_15min,20181213,6,15
2344,20181213_ANIMAL6_20min,20181213,6,20
2345,20181213_ANIMAL6_25min,20181213,6,25
2346,20181213_ANIMAL6_30min,20181213,6,30
2347,20181213_ANIMAL6_35min,20181213,6,35
2348,20181213_ANIMAL6_40min,20181213,6,40
2349,20181213_ANIMAL6_45min,20181213,6,45
2350,20181213_ANIMAL6_50min,20181213,6,50
2351,20181213_ANIMAL6_55min,20181213,6,55
2352,20181213_ANIMAL6_5min,20181213,6,5
2353,20181213_ANIMAL6_60min,20181213,6,60
2354,20181213_ANIMAL6_61min,20181213,6,61
2355,20181213_ANIMAL6_62min,20181213,6,62
2356,20181213_ANIMAL6_63min,20181213,6,63
2357,20181213_ANIMAL6_64min,20181213,6,64
2358,20181213_ANIMAL6_65min,20181213,6,65
2359,20181213_ANIMAL7_0min,20181213,7,0
2360,20181213_ANIMAL7_10min,20181213,7,10
2361,20181213_ANIMAL7_15min,20181213,7,15
2362,20181213_ANIMAL7_20min,20181213,7,20
2363,20181213_ANIMAL7_25min,20181213,7,25
2364,20181213_ANIMAL7_30min,20181213,7,30
2365,20181213_ANIMAL7_35min,20181213,7,35
2366,20181213_ANIMAL7_40min,20181213,7,40
2367,20181213_ANIMAL7_45min,20181213,7,45
2368,20181213_ANIMAL7_50min,20181213,7,50
2369,20181213_ANIMAL7_55min,20181213,7,55
2370,20181213_ANIMAL7_5min,20181213,7,5
2371,20181214_ANIMAL1_0min,20181214,1,0
2372,20181214_ANIMAL1_10min,20181214,1,10
2373,20181214_ANIMAL1_15min,20181214,1,15
2374,20181214_ANIMAL1_20min,20181214,1,20
2375,20181214_ANIMAL1_25min,20181214,1,25
2376,20181214_ANIMAL1_30min,20181214,1,30
2377,20181214_ANIMAL1_35min,20181214,1,35
2378,20181214_ANIMAL1_40min,20181214,1,40
2379,20181214_ANIMAL1_45min,20181214,1,45
2380,20181214_ANIMAL1_50min,20181214,1,50
2381,20181214_ANIMAL1_55min,20181214,1,55
2382,20181214_ANIMAL1_5min,20181214,1,5
2383,20181214_ANIMAL1_60min,20181214,1,60
2384,20181214_ANIMAL2_0min,20181214,2,0
2385,20181214_ANIMAL2_10min,20181214,2,10
2386,20181214_ANIMAL2_15min,20181214,2,15
2387,20181214_ANIMAL2_20min,20181214,2,20
2388,20181214_ANIMAL2_25min,20181214,2,25
2389,20181214_ANIMAL2_30min,20181214,2,30
2390,20181214_ANIMAL2_35min,20181214,2,35
2391,20181214_ANIMAL2_40min,20181214,2,40
2392,20181214_ANIMAL2_45min,20181214,2,45
2393,20181214_ANIMAL2_50min,20181214,2,50
2394,20181214_ANIMAL2_55min,20181214,2,55
2395,20181214_ANIMAL2_5min,20181214,2,5
2396,20181214_ANIMAL2_60min,20181214,2,60
2397,20181214_ANIMAL2_61min,20181214,2,61
2398,20181214_ANIMAL2_62min,20181214,2,62
2399,20181214_ANIMAL2_63min,20181214,2,63
2400,20181214_ANIMAL2_64min,20181214,2,64
2401,20181214_ANIMAL2_65min,20181214,2,65
2402,20181214_ANIMAL3_0min,20181214,3,0
2403,20181214_ANIMAL3_10min,20181214,3,10
2404,20181214_ANIMAL3_15min,20181214,3,15
2405,20181214_ANIMAL3_20min,20181214,3,20
2406,20181214_ANIMAL3_25min,20181214,3,25
2407,20181214_ANIMAL3_30min,20181214,3,30
2408,20181214_ANIMAL3_35min,20181214,3,35
2409,20181214_ANIMAL3_40min,20181214,3,40
2410,20181214_ANIMAL3_45min,20181214,3,45
2411,20181214_ANIMAL3_50min,20181214,3,50
2412,20181214_ANIMAL3_55min,20181214,3,55
2413,20181214_ANIMAL3_5min,20181214,3,5
2414,20181214_ANIMAL3_60min,20181214,3,60
2415,20181214_ANIMAL3_61min,20181214,3,61
2416,20181214_ANIMAL3_62min,20181214,3,62
2417,20181214_ANIMAL3_63min,20181214,3,63
2418,20181214_ANIMAL3_64min,20181214,3,64
2419,20181214_ANIMAL3_65min,20181214,3,65
